,area,atom,segid,resname,resid,vdw_radius
0,29.45243112740431,B,SYSTEM,PHE,1,2.35
1,0.0,S,SYSTEM,PHE,1,2.15
2,39.59192141686537,S,SYSTEM,PHE,1,2.15
3,26.394614277910243,S,SYSTEM,PHE,1,2.15
4,36.81553890925538,B,SYSTEM,PHE,2,2.35
5,0.0,S,SYSTEM,PHE,2,2.15
6,13.197307138955122,S,SYSTEM,PHE,2,2.15
7,19.795960708432684,S,SYSTEM,PHE,2,2.15
8,51.54175447295754,B,SYSTEM,PHE,1,2.35
9,6.598653569477561,S,SYSTEM,PHE,1,2.15
10,92.38114997268585,S,SYSTEM,PHE,1,2.15
11,19.795960708432684,S,SYSTEM,PHE,1,2.15
12,73.63107781851076,B,SYSTEM,PHE,2,2.35
13,13.197307138955122,S,SYSTEM,PHE,2,2.15
14,39.59192141686537,S,SYSTEM,PHE,2,2.15
15,65.9865356947756,S,SYSTEM,PHE,2,2.15
16,29.45243112740431,B,SYSTEM,PHE,1,2.35
17,0.0,S,SYSTEM,PHE,1,2.15
18,0.0,S,SYSTEM,PHE,1,2.15
19,0.0,S,SYSTEM,PHE,1,2.15
20,7.3631077818510775,B,SYSTEM,PHE,2,2.35
21,0.0,S,SYSTEM,PHE,2,2.15
22,6.598653569477561,S,SYSTEM,PHE,2,2.15
23,39.59192141686537,S,SYSTEM,PHE,2,2.15
24,36.81553890925538,B,SYSTEM,PHE,1,2.35
25,6.598653569477561,S,SYSTEM,PHE,1,2.15
26,46.190574986342924,S,SYSTEM,PHE,1,2.15
27,6.598653569477561,S,SYSTEM,PHE,1,2.15
28,29.45243112740431,B,SYSTEM,PHE,2,2.35
29,0.0,S,SYSTEM,PHE,2,2.15
30,0.0,S,SYSTEM,PHE,2,2.15
31,6.598653569477561,S,SYSTEM,PHE,2,2.15
32,14.726215563702155,B,SYSTEM,PHE,1,2.35
33,0.0,S,SYSTEM,PHE,1,2.15
34,0.0,S,SYSTEM,PHE,1,2.15
35,0.0,S,SYSTEM,PHE,1,2.15
36,14.726215563702155,B,SYSTEM,PHE,2,2.35
37,6.598653569477561,S,SYSTEM,PHE,2,2.15
38,0.0,S,SYSTEM,PHE,2,2.15
39,0.0,S,SYSTEM,PHE,2,2.15
40,51.54175447295754,B,SYSTEM,PHE,1,2.35
41,13.197307138955122,S,SYSTEM,PHE,1,2.15
42,6.598653569477561,S,SYSTEM,PHE,1,2.15
43,52.789228555820486,S,SYSTEM,PHE,1,2.15
44,51.54175447295754,B,SYSTEM,PHE,2,2.35
45,6.598653569477561,S,SYSTEM,PHE,2,2.15
46,6.598653569477561,S,SYSTEM,PHE,2,2.15
47,13.197307138955122,S,SYSTEM,PHE,2,2.15
48,22.089323345553233,B,SYSTEM,PHE,1,2.35
49,0.0,S,SYSTEM,PHE,1,2.15
50,26.394614277910243,S,SYSTEM,PHE,1,2.15
51,46.190574986342924,S,SYSTEM,PHE,1,2.15
52,73.63107781851076,B,SYSTEM,PHE,2,2.35
53,13.197307138955122,S,SYSTEM,PHE,2,2.15
54,32.9932678473878,S,SYSTEM,PHE,2,2.15
55,0.0,S,SYSTEM,PHE,2,2.15
56,58.90486225480862,B,SYSTEM,PHE,1,2.35
57,26.394614277910243,S,SYSTEM,PHE,1,2.15
58,19.795960708432684,S,SYSTEM,PHE,1,2.15
59,32.9932678473878,S,SYSTEM,PHE,1,2.15
60,58.90486225480862,B,SYSTEM,PHE,2,2.35
61,26.394614277910243,S,SYSTEM,PHE,2,2.15
62,59.38788212529805,S,SYSTEM,PHE,2,2.15
63,32.9932678473878,S,SYSTEM,PHE,2,2.15
64,51.54175447295754,B,SYSTEM,PHE,1,2.35
65,6.598653569477561,S,SYSTEM,PHE,1,2.15
66,6.598653569477561,S,SYSTEM,PHE,1,2.15
67,39.59192141686537,S,SYSTEM,PHE,1,2.15
68,66.2679700366597,B,SYSTEM,PHE,2,2.35
69,19.795960708432684,S,SYSTEM,PHE,2,2.15
70,0.0,S,SYSTEM,PHE,2,2.15
71,19.795960708432684,S,SYSTEM,PHE,2,2.15
72,29.45243112740431,B,SYSTEM,PHE,1,2.35
73,0.0,S,SYSTEM,PHE,1,2.15
74,52.789228555820486,S,SYSTEM,PHE,1,2.15
75,72.58518926425316,S,SYSTEM,PHE,1,2.15
76,44.178646691106465,B,SYSTEM,PHE,2,2.35
77,0.0,S,SYSTEM,PHE,2,2.15
78,19.795960708432684,S,SYSTEM,PHE,2,2.15
79,0.0,S,SYSTEM,PHE,2,2.15
80,22.089323345553233,B,SYSTEM,PHE,1,2.35
81,19.795960708432684,S,SYSTEM,PHE,1,2.15
82,32.9932678473878,S,SYSTEM,PHE,1,2.15
83,6.598653569477561,S,SYSTEM,PHE,1,2.15
84,58.90486225480862,B,SYSTEM,PHE,2,2.35
85,6.598653569477561,S,SYSTEM,PHE,2,2.15
86,0.0,S,SYSTEM,PHE,2,2.15
87,39.59192141686537,S,SYSTEM,PHE,2,2.15
88,58.90486225480862,B,SYSTEM,PHE,1,2.35
89,13.197307138955122,S,SYSTEM,PHE,1,2.15
90,85.78249640320828,S,SYSTEM,PHE,1,2.15
91,32.9932678473878,S,SYSTEM,PHE,1,2.15
92,36.81553890925538,B,SYSTEM,PHE,2,2.35
93,0.0,S,SYSTEM,PHE,2,2.15
94,0.0,S,SYSTEM,PHE,2,2.15
95,0.0,S,SYSTEM,PHE,2,2.15
96,44.178646691106465,B,SYSTEM,PHE,1,2.35
97,19.795960708432684,S,SYSTEM,PHE,1,2.15
98,0.0,S,SYSTEM,PHE,1,2.15
99,0.0,S,SYSTEM,PHE,1,2.15
100,66.2679700366597,B,SYSTEM,PHE,2,2.35
101,19.795960708432684,S,SYSTEM,PHE,2,2.15
102,13.197307138955122,S,SYSTEM,PHE,2,2.15
103,6.598653569477561,S,SYSTEM,PHE,2,2.15
104,73.63107781851076,B,SYSTEM,PHE,1,2.35
105,32.9932678473878,S,SYSTEM,PHE,1,2.15
106,39.59192141686537,S,SYSTEM,PHE,1,2.15
107,65.9865356947756,S,SYSTEM,PHE,1,2.15
108,44.178646691106465,B,SYSTEM,PHE,2,2.35
109,0.0,S,SYSTEM,PHE,2,2.15
110,13.197307138955122,S,SYSTEM,PHE,2,2.15
111,32.9932678473878,S,SYSTEM,PHE,2,2.15
112,36.81553890925538,B,SYSTEM,PHE,1,2.35
113,0.0,S,SYSTEM,PHE,1,2.15
114,26.394614277910243,S,SYSTEM,PHE,1,2.15
115,6.598653569477561,S,SYSTEM,PHE,1,2.15
116,14.726215563702155,B,SYSTEM,PHE,2,2.35
117,0.0,S,SYSTEM,PHE,2,2.15
118,13.197307138955122,S,SYSTEM,PHE,2,2.15
119,0.0,S,SYSTEM,PHE,2,2.15
120,58.90486225480862,B,SYSTEM,PHE,1,2.35
121,6.598653569477561,S,SYSTEM,PHE,1,2.15
122,19.795960708432684,S,SYSTEM,PHE,1,2.15
123,19.795960708432684,S,SYSTEM,PHE,1,2.15
124,51.54175447295754,B,SYSTEM,PHE,2,2.35
125,39.59192141686537,S,SYSTEM,PHE,2,2.15
126,6.598653569477561,S,SYSTEM,PHE,2,2.15
127,6.598653569477561,S,SYSTEM,PHE,2,2.15
128,73.63107781851076,B,SYSTEM,PHE,1,2.35
129,19.795960708432684,S,SYSTEM,PHE,1,2.15
130,6.598653569477561,S,SYSTEM,PHE,1,2.15
131,13.197307138955122,S,SYSTEM,PHE,1,2.15
132,58.90486225480862,B,SYSTEM,PHE,2,2.35
133,6.598653569477561,S,SYSTEM,PHE,2,2.15
134,0.0,S,SYSTEM,PHE,2,2.15
135,6.598653569477561,S,SYSTEM,PHE,2,2.15
136,80.99418560036185,B,SYSTEM,PHE,1,2.35
137,13.197307138955122,S,SYSTEM,PHE,1,2.15
138,26.394614277910243,S,SYSTEM,PHE,1,2.15
139,0.0,S,SYSTEM,PHE,1,2.15
140,73.63107781851076,B,SYSTEM,PHE,2,2.35
141,19.795960708432684,S,SYSTEM,PHE,2,2.15
142,13.197307138955122,S,SYSTEM,PHE,2,2.15
143,26.394614277910243,S,SYSTEM,PHE,2,2.15
144,7.3631077818510775,B,SYSTEM,PHE,1,2.35
145,0.0,S,SYSTEM,PHE,1,2.15
146,32.9932678473878,S,SYSTEM,PHE,1,2.15
147,32.9932678473878,S,SYSTEM,PHE,1,2.15
148,36.81553890925538,B,SYSTEM,PHE,2,2.35
149,0.0,S,SYSTEM,PHE,2,2.15
150,19.795960708432684,S,SYSTEM,PHE,2,2.15
151,13.197307138955122,S,SYSTEM,PHE,2,2.15
152,58.90486225480862,B,SYSTEM,PHE,1,2.35
153,13.197307138955122,S,SYSTEM,PHE,1,2.15
154,32.9932678473878,S,SYSTEM,PHE,1,2.15
155,72.58518926425316,S,SYSTEM,PHE,1,2.15
156,44.178646691106465,B,SYSTEM,PHE,2,2.35
157,6.598653569477561,S,SYSTEM,PHE,2,2.15
158,13.197307138955122,S,SYSTEM,PHE,2,2.15
159,13.197307138955122,S,SYSTEM,PHE,2,2.15
160,80.99418560036185,B,SYSTEM,PHE,1,2.35
161,32.9932678473878,S,SYSTEM,PHE,1,2.15
162,46.190574986342924,S,SYSTEM,PHE,1,2.15
163,59.38788212529805,S,SYSTEM,PHE,1,2.15
164,22.089323345553233,B,SYSTEM,PHE,2,2.35
165,0.0,S,SYSTEM,PHE,2,2.15
166,39.59192141686537,S,SYSTEM,PHE,2,2.15
167,13.197307138955122,S,SYSTEM,PHE,2,2.15
168,95.720401164064,B,SYSTEM,PHE,1,2.35
169,32.9932678473878,S,SYSTEM,PHE,1,2.15
170,0.0,S,SYSTEM,PHE,1,2.15
171,65.9865356947756,S,SYSTEM,PHE,1,2.15
172,51.54175447295754,B,SYSTEM,PHE,2,2.35
173,0.0,S,SYSTEM,PHE,2,2.15
174,39.59192141686537,S,SYSTEM,PHE,2,2.15
175,0.0,S,SYSTEM,PHE,2,2.15
176,66.2679700366597,B,SYSTEM,PHE,1,2.35
177,32.9932678473878,S,SYSTEM,PHE,1,2.15
178,26.394614277910243,S,SYSTEM,PHE,1,2.15
179,79.18384283373074,S,SYSTEM,PHE,1,2.15
180,66.2679700366597,B,SYSTEM,PHE,2,2.35
181,13.197307138955122,S,SYSTEM,PHE,2,2.15
182,19.795960708432684,S,SYSTEM,PHE,2,2.15
183,39.59192141686537,S,SYSTEM,PHE,2,2.15
184,51.54175447295754,B,SYSTEM,PHE,1,2.35
185,0.0,S,SYSTEM,PHE,1,2.15
186,0.0,S,SYSTEM,PHE,1,2.15
187,0.0,S,SYSTEM,PHE,1,2.15
188,51.54175447295754,B,SYSTEM,PHE,2,2.35
189,6.598653569477561,S,SYSTEM,PHE,2,2.15
190,13.197307138955122,S,SYSTEM,PHE,2,2.15
191,0.0,S,SYSTEM,PHE,2,2.15
192,14.726215563702155,B,SYSTEM,PHE,1,2.35
193,6.598653569477561,S,SYSTEM,PHE,1,2.15
194,13.197307138955122,S,SYSTEM,PHE,1,2.15
195,0.0,S,SYSTEM,PHE,1,2.15
196,51.54175447295754,B,SYSTEM,PHE,2,2.35
197,26.394614277910243,S,SYSTEM,PHE,2,2.15
198,26.394614277910243,S,SYSTEM,PHE,2,2.15
199,19.795960708432684,S,SYSTEM,PHE,2,2.15
200,58.90486225480862,B,SYSTEM,PHE,1,2.35
201,0.0,S,SYSTEM,PHE,1,2.15
202,26.394614277910243,S,SYSTEM,PHE,1,2.15
203,52.789228555820486,S,SYSTEM,PHE,1,2.15
204,51.54175447295754,B,SYSTEM,PHE,2,2.35
205,6.598653569477561,S,SYSTEM,PHE,2,2.15
206,72.58518926425316,S,SYSTEM,PHE,2,2.15
207,6.598653569477561,S,SYSTEM,PHE,2,2.15
208,44.178646691106465,B,SYSTEM,PHE,1,2.35
209,0.0,S,SYSTEM,PHE,1,2.15
210,19.795960708432684,S,SYSTEM,PHE,1,2.15
211,19.795960708432684,S,SYSTEM,PHE,1,2.15
212,22.089323345553233,B,SYSTEM,PHE,2,2.35
213,0.0,S,SYSTEM,PHE,2,2.15
214,19.795960708432684,S,SYSTEM,PHE,2,2.15
215,32.9932678473878,S,SYSTEM,PHE,2,2.15
216,7.3631077818510775,B,SYSTEM,PHE,1,2.35
217,0.0,S,SYSTEM,PHE,1,2.15
218,0.0,S,SYSTEM,PHE,1,2.15
219,6.598653569477561,S,SYSTEM,PHE,1,2.15
220,14.726215563702155,B,SYSTEM,PHE,2,2.35
221,0.0,S,SYSTEM,PHE,2,2.15
222,6.598653569477561,S,SYSTEM,PHE,2,2.15
223,0.0,S,SYSTEM,PHE,2,2.15
224,29.45243112740431,B,SYSTEM,PHE,1,2.35
225,0.0,S,SYSTEM,PHE,1,2.15
226,6.598653569477561,S,SYSTEM,PHE,1,2.15
227,0.0,S,SYSTEM,PHE,1,2.15
228,58.90486225480862,B,SYSTEM,PHE,2,2.35
229,13.197307138955122,S,SYSTEM,PHE,2,2.15
230,19.795960708432684,S,SYSTEM,PHE,2,2.15
231,6.598653569477561,S,SYSTEM,PHE,2,2.15
232,58.90486225480862,B,SYSTEM,PHE,1,2.35
233,13.197307138955122,S,SYSTEM,PHE,1,2.15
234,32.9932678473878,S,SYSTEM,PHE,1,2.15
235,26.394614277910243,S,SYSTEM,PHE,1,2.15
236,51.54175447295754,B,SYSTEM,PHE,2,2.35
237,19.795960708432684,S,SYSTEM,PHE,2,2.15
238,46.190574986342924,S,SYSTEM,PHE,2,2.15
239,39.59192141686537,S,SYSTEM,PHE,2,2.15
240,58.90486225480862,B,SYSTEM,PHE,1,2.35
241,19.795960708432684,S,SYSTEM,PHE,1,2.15
242,32.9932678473878,S,SYSTEM,PHE,1,2.15
243,13.197307138955122,S,SYSTEM,PHE,1,2.15
244,73.63107781851076,B,SYSTEM,PHE,2,2.35
245,13.197307138955122,S,SYSTEM,PHE,2,2.15
246,6.598653569477561,S,SYSTEM,PHE,2,2.15
247,13.197307138955122,S,SYSTEM,PHE,2,2.15
248,73.63107781851076,B,SYSTEM,PHE,1,2.35
249,13.197307138955122,S,SYSTEM,PHE,1,2.15
250,26.394614277910243,S,SYSTEM,PHE,1,2.15
251,46.190574986342924,S,SYSTEM,PHE,1,2.15
252,44.178646691106465,B,SYSTEM,PHE,2,2.35
253,6.598653569477561,S,SYSTEM,PHE,2,2.15
254,0.0,S,SYSTEM,PHE,2,2.15
255,19.795960708432684,S,SYSTEM,PHE,2,2.15
256,29.45243112740431,B,SYSTEM,PHE,1,2.35
257,0.0,S,SYSTEM,PHE,1,2.15
258,0.0,S,SYSTEM,PHE,1,2.15
259,0.0,S,SYSTEM,PHE,1,2.15
260,29.45243112740431,B,SYSTEM,PHE,2,2.35
261,0.0,S,SYSTEM,PHE,2,2.15
262,6.598653569477561,S,SYSTEM,PHE,2,2.15
263,0.0,S,SYSTEM,PHE,2,2.15
264,51.54175447295754,B,SYSTEM,PHE,1,2.35
265,19.795960708432684,S,SYSTEM,PHE,1,2.15
266,13.197307138955122,S,SYSTEM,PHE,1,2.15
267,32.9932678473878,S,SYSTEM,PHE,1,2.15
268,73.63107781851076,B,SYSTEM,PHE,2,2.35
269,13.197307138955122,S,SYSTEM,PHE,2,2.15
270,32.9932678473878,S,SYSTEM,PHE,2,2.15
271,85.78249640320828,S,SYSTEM,PHE,2,2.15
272,36.81553890925538,B,SYSTEM,PHE,1,2.35
273,0.0,S,SYSTEM,PHE,1,2.15
274,19.795960708432684,S,SYSTEM,PHE,1,2.15
275,6.598653569477561,S,SYSTEM,PHE,1,2.15
276,66.2679700366597,B,SYSTEM,PHE,2,2.35
277,6.598653569477561,S,SYSTEM,PHE,2,2.15
278,32.9932678473878,S,SYSTEM,PHE,2,2.15
279,0.0,S,SYSTEM,PHE,2,2.15
280,51.54175447295754,B,SYSTEM,PHE,1,2.35
281,0.0,S,SYSTEM,PHE,1,2.15
282,19.795960708432684,S,SYSTEM,PHE,1,2.15
283,13.197307138955122,S,SYSTEM,PHE,1,2.15
284,36.81553890925538,B,SYSTEM,PHE,2,2.35
285,6.598653569477561,S,SYSTEM,PHE,2,2.15
286,13.197307138955122,S,SYSTEM,PHE,2,2.15
287,26.394614277910243,S,SYSTEM,PHE,2,2.15
288,80.99418560036185,B,SYSTEM,PHE,1,2.35
289,26.394614277910243,S,SYSTEM,PHE,1,2.15
290,0.0,S,SYSTEM,PHE,1,2.15
291,59.38788212529805,S,SYSTEM,PHE,1,2.15
292,66.2679700366597,B,SYSTEM,PHE,2,2.35
293,13.197307138955122,S,SYSTEM,PHE,2,2.15
294,85.78249640320828,S,SYSTEM,PHE,2,2.15
295,26.394614277910243,S,SYSTEM,PHE,2,2.15
296,66.2679700366597,B,SYSTEM,PHE,1,2.35
297,13.197307138955122,S,SYSTEM,PHE,1,2.15
298,79.18384283373074,S,SYSTEM,PHE,1,2.15
299,32.9932678473878,S,SYSTEM,PHE,1,2.15
300,66.2679700366597,B,SYSTEM,PHE,2,2.35
301,0.0,S,SYSTEM,PHE,2,2.15
302,19.795960708432684,S,SYSTEM,PHE,2,2.15
303,0.0,S,SYSTEM,PHE,2,2.15
304,22.089323345553233,B,SYSTEM,PHE,1,2.35
305,0.0,S,SYSTEM,PHE,1,2.15
306,0.0,S,SYSTEM,PHE,1,2.15
307,6.598653569477561,S,SYSTEM,PHE,1,2.15
308,36.81553890925538,B,SYSTEM,PHE,2,2.35
309,6.598653569477561,S,SYSTEM,PHE,2,2.15
310,6.598653569477561,S,SYSTEM,PHE,2,2.15
311,19.795960708432684,S,SYSTEM,PHE,2,2.15
312,73.63107781851076,B,SYSTEM,PHE,1,2.35
313,6.598653569477561,S,SYSTEM,PHE,1,2.15
314,39.59192141686537,S,SYSTEM,PHE,1,2.15
315,72.58518926425316,S,SYSTEM,PHE,1,2.15
316,51.54175447295754,B,SYSTEM,PHE,2,2.35
317,0.0,S,SYSTEM,PHE,2,2.15
318,52.789228555820486,S,SYSTEM,PHE,2,2.15
319,19.795960708432684,S,SYSTEM,PHE,2,2.15
320,36.81553890925538,B,SYSTEM,PHE,1,2.35
321,0.0,S,SYSTEM,PHE,1,2.15
322,39.59192141686537,S,SYSTEM,PHE,1,2.15
323,52.789228555820486,S,SYSTEM,PHE,1,2.15
324,14.726215563702155,B,SYSTEM,PHE,2,2.35
325,0.0,S,SYSTEM,PHE,2,2.15
326,39.59192141686537,S,SYSTEM,PHE,2,2.15
327,19.795960708432684,S,SYSTEM,PHE,2,2.15
328,44.178646691106465,B,SYSTEM,PHE,1,2.35
329,0.0,S,SYSTEM,PHE,1,2.15
330,6.598653569477561,S,SYSTEM,PHE,1,2.15
331,13.197307138955122,S,SYSTEM,PHE,1,2.15
332,58.90486225480862,B,SYSTEM,PHE,2,2.35
333,0.0,S,SYSTEM,PHE,2,2.15
334,19.795960708432684,S,SYSTEM,PHE,2,2.15
335,0.0,S,SYSTEM,PHE,2,2.15
336,88.35729338221293,B,SYSTEM,PHE,1,2.35
337,6.598653569477561,S,SYSTEM,PHE,1,2.15
338,65.9865356947756,S,SYSTEM,PHE,1,2.15
339,19.795960708432684,S,SYSTEM,PHE,1,2.15
340,66.2679700366597,B,SYSTEM,PHE,2,2.35
341,0.0,S,SYSTEM,PHE,2,2.15
342,26.394614277910243,S,SYSTEM,PHE,2,2.15
343,32.9932678473878,S,SYSTEM,PHE,2,2.15
344,51.54175447295754,B,SYSTEM,PHE,1,2.35
345,6.598653569477561,S,SYSTEM,PHE,1,2.15
346,19.795960708432684,S,SYSTEM,PHE,1,2.15
347,39.59192141686537,S,SYSTEM,PHE,1,2.15
348,66.2679700366597,B,SYSTEM,PHE,2,2.35
349,19.795960708432684,S,SYSTEM,PHE,2,2.15
350,39.59192141686537,S,SYSTEM,PHE,2,2.15
351,79.18384283373074,S,SYSTEM,PHE,2,2.15
352,88.35729338221293,B,SYSTEM,PHE,1,2.35
353,19.795960708432684,S,SYSTEM,PHE,1,2.15
354,79.18384283373074,S,SYSTEM,PHE,1,2.15
355,65.9865356947756,S,SYSTEM,PHE,1,2.15
356,44.178646691106465,B,SYSTEM,PHE,2,2.35
357,26.394614277910243,S,SYSTEM,PHE,2,2.15
358,26.394614277910243,S,SYSTEM,PHE,2,2.15
359,79.18384283373074,S,SYSTEM,PHE,2,2.15
360,51.54175447295754,B,SYSTEM,PHE,1,2.35
361,0.0,S,SYSTEM,PHE,1,2.15
362,0.0,S,SYSTEM,PHE,1,2.15
363,13.197307138955122,S,SYSTEM,PHE,1,2.15
364,14.726215563702155,B,SYSTEM,PHE,2,2.35
365,0.0,S,SYSTEM,PHE,2,2.15
366,0.0,S,SYSTEM,PHE,2,2.15
367,0.0,S,SYSTEM,PHE,2,2.15
368,22.089323345553233,B,SYSTEM,PHE,1,2.35
369,0.0,S,SYSTEM,PHE,1,2.15
370,32.9932678473878,S,SYSTEM,PHE,1,2.15
371,6.598653569477561,S,SYSTEM,PHE,1,2.15
372,44.178646691106465,B,SYSTEM,PHE,2,2.35
373,6.598653569477561,S,SYSTEM,PHE,2,2.15
374,13.197307138955122,S,SYSTEM,PHE,2,2.15
375,6.598653569477561,S,SYSTEM,PHE,2,2.15
376,36.81553890925538,B,SYSTEM,PHE,1,2.35
377,0.0,S,SYSTEM,PHE,1,2.15
378,19.795960708432684,S,SYSTEM,PHE,1,2.15
379,32.9932678473878,S,SYSTEM,PHE,1,2.15
380,14.726215563702155,B,SYSTEM,PHE,2,2.35
381,0.0,S,SYSTEM,PHE,2,2.15
382,13.197307138955122,S,SYSTEM,PHE,2,2.15
383,6.598653569477561,S,SYSTEM,PHE,2,2.15
384,29.45243112740431,B,SYSTEM,PHE,1,2.35
385,0.0,S,SYSTEM,PHE,1,2.15
386,65.9865356947756,S,SYSTEM,PHE,1,2.15
387,46.190574986342924,S,SYSTEM,PHE,1,2.15
388,36.81553890925538,B,SYSTEM,PHE,2,2.35
389,0.0,S,SYSTEM,PHE,2,2.15
390,6.598653569477561,S,SYSTEM,PHE,2,2.15
391,32.9932678473878,S,SYSTEM,PHE,2,2.15
392,51.54175447295754,B,SYSTEM,PHE,1,2.35
393,0.0,S,SYSTEM,PHE,1,2.15
394,0.0,S,SYSTEM,PHE,1,2.15
395,0.0,S,SYSTEM,PHE,1,2.15
396,44.178646691106465,B,SYSTEM,PHE,2,2.35
397,0.0,S,SYSTEM,PHE,2,2.15
398,26.394614277910243,S,SYSTEM,PHE,2,2.15
399,0.0,S,SYSTEM,PHE,2,2.15
400,44.178646691106465,B,SYSTEM,PHE,1,2.35
401,19.795960708432684,S,SYSTEM,PHE,1,2.15
402,26.394614277910243,S,SYSTEM,PHE,1,2.15
403,72.58518926425316,S,SYSTEM,PHE,1,2.15
404,73.63107781851076,B,SYSTEM,PHE,2,2.35
405,19.795960708432684,S,SYSTEM,PHE,2,2.15
406,46.190574986342924,S,SYSTEM,PHE,2,2.15
407,79.18384283373074,S,SYSTEM,PHE,2,2.15
408,14.726215563702155,B,SYSTEM,PHE,1,2.35
409,6.598653569477561,S,SYSTEM,PHE,1,2.15
410,0.0,S,SYSTEM,PHE,1,2.15
411,0.0,S,SYSTEM,PHE,1,2.15
412,29.45243112740431,B,SYSTEM,PHE,2,2.35
413,0.0,S,SYSTEM,PHE,2,2.15
414,0.0,S,SYSTEM,PHE,2,2.15
415,13.197307138955122,S,SYSTEM,PHE,2,2.15
416,58.90486225480862,B,SYSTEM,PHE,1,2.35
417,0.0,S,SYSTEM,PHE,1,2.15
418,6.598653569477561,S,SYSTEM,PHE,1,2.15
419,39.59192141686537,S,SYSTEM,PHE,1,2.15
420,66.2679700366597,B,SYSTEM,PHE,2,2.35
421,6.598653569477561,S,SYSTEM,PHE,2,2.15
422,19.795960708432684,S,SYSTEM,PHE,2,2.15
423,6.598653569477561,S,SYSTEM,PHE,2,2.15
424,51.54175447295754,B,SYSTEM,PHE,1,2.35
425,6.598653569477561,S,SYSTEM,PHE,1,2.15
426,32.9932678473878,S,SYSTEM,PHE,1,2.15
427,6.598653569477561,S,SYSTEM,PHE,1,2.15
428,7.3631077818510775,B,SYSTEM,PHE,2,2.35
429,6.598653569477561,S,SYSTEM,PHE,2,2.15
430,0.0,S,SYSTEM,PHE,2,2.15
431,0.0,S,SYSTEM,PHE,2,2.15
432,14.726215563702155,B,SYSTEM,PHE,1,2.35
433,0.0,S,SYSTEM,PHE,1,2.15
434,0.0,S,SYSTEM,PHE,1,2.15
435,6.598653569477561,S,SYSTEM,PHE,1,2.15
436,29.45243112740431,B,SYSTEM,PHE,2,2.35
437,19.795960708432684,S,SYSTEM,PHE,2,2.15
438,46.190574986342924,S,SYSTEM,PHE,2,2.15
439,46.190574986342924,S,SYSTEM,PHE,2,2.15
440,88.35729338221293,B,SYSTEM,PHE,1,2.35
441,26.394614277910243,S,SYSTEM,PHE,1,2.15
442,19.795960708432684,S,SYSTEM,PHE,1,2.15
443,46.190574986342924,S,SYSTEM,PHE,1,2.15
444,73.63107781851076,B,SYSTEM,PHE,2,2.35
445,6.598653569477561,S,SYSTEM,PHE,2,2.15
446,26.394614277910243,S,SYSTEM,PHE,2,2.15
447,72.58518926425316,S,SYSTEM,PHE,2,2.15
448,51.54175447295754,B,SYSTEM,PHE,1,2.35
449,0.0,S,SYSTEM,PHE,1,2.15
450,0.0,S,SYSTEM,PHE,1,2.15
451,0.0,S,SYSTEM,PHE,1,2.15
452,51.54175447295754,B,SYSTEM,PHE,2,2.35
453,13.197307138955122,S,SYSTEM,PHE,2,2.15
454,13.197307138955122,S,SYSTEM,PHE,2,2.15
455,19.795960708432684,S,SYSTEM,PHE,2,2.15
456,58.90486225480862,B,SYSTEM,PHE,1,2.35
457,6.598653569477561,S,SYSTEM,PHE,1,2.15
458,32.9932678473878,S,SYSTEM,PHE,1,2.15
459,0.0,S,SYSTEM,PHE,1,2.15
460,66.2679700366597,B,SYSTEM,PHE,2,2.35
461,19.795960708432684,S,SYSTEM,PHE,2,2.15
462,46.190574986342924,S,SYSTEM,PHE,2,2.15
463,46.190574986342924,S,SYSTEM,PHE,2,2.15
464,36.81553890925538,B,SYSTEM,PHE,1,2.35
465,13.197307138955122,S,SYSTEM,PHE,1,2.15
466,0.0,S,SYSTEM,PHE,1,2.15
467,65.9865356947756,S,SYSTEM,PHE,1,2.15
468,29.45243112740431,B,SYSTEM,PHE,2,2.35
469,6.598653569477561,S,SYSTEM,PHE,2,2.15
470,0.0,S,SYSTEM,PHE,2,2.15
471,0.0,S,SYSTEM,PHE,2,2.15
472,58.90486225480862,B,SYSTEM,PHE,1,2.35
473,0.0,S,SYSTEM,PHE,1,2.15
474,0.0,S,SYSTEM,PHE,1,2.15
475,32.9932678473878,S,SYSTEM,PHE,1,2.15
476,51.54175447295754,B,SYSTEM,PHE,2,2.35
477,6.598653569477561,S,SYSTEM,PHE,2,2.15
478,32.9932678473878,S,SYSTEM,PHE,2,2.15
479,32.9932678473878,S,SYSTEM,PHE,2,2.15
480,58.90486225480862,B,SYSTEM,PHE,1,2.35
481,13.197307138955122,S,SYSTEM,PHE,1,2.15
482,26.394614277910243,S,SYSTEM,PHE,1,2.15
483,72.58518926425316,S,SYSTEM,PHE,1,2.15
484,73.63107781851076,B,SYSTEM,PHE,2,2.35
485,26.394614277910243,S,SYSTEM,PHE,2,2.15
486,39.59192141686537,S,SYSTEM,PHE,2,2.15
487,26.394614277910243,S,SYSTEM,PHE,2,2.15
488,66.2679700366597,B,SYSTEM,PHE,1,2.35
489,6.598653569477561,S,SYSTEM,PHE,1,2.15
490,52.789228555820486,S,SYSTEM,PHE,1,2.15
491,0.0,S,SYSTEM,PHE,1,2.15
492,66.2679700366597,B,SYSTEM,PHE,2,2.35
493,13.197307138955122,S,SYSTEM,PHE,2,2.15
494,46.190574986342924,S,SYSTEM,PHE,2,2.15
495,79.18384283373074,S,SYSTEM,PHE,2,2.15
496,14.726215563702155,B,SYSTEM,PHE,1,2.35
497,0.0,S,SYSTEM,PHE,1,2.15
498,0.0,S,SYSTEM,PHE,1,2.15
499,0.0,S,SYSTEM,PHE,1,2.15
500,73.63107781851076,B,SYSTEM,PHE,2,2.35
501,13.197307138955122,S,SYSTEM,PHE,2,2.15
502,6.598653569477561,S,SYSTEM,PHE,2,2.15
503,46.190574986342924,S,SYSTEM,PHE,2,2.15
504,73.63107781851076,B,SYSTEM,PHE,1,2.35
505,6.598653569477561,S,SYSTEM,PHE,1,2.15
506,0.0,S,SYSTEM,PHE,1,2.15
507,32.9932678473878,S,SYSTEM,PHE,1,2.15
508,66.2679700366597,B,SYSTEM,PHE,2,2.35
509,0.0,S,SYSTEM,PHE,2,2.15
510,0.0,S,SYSTEM,PHE,2,2.15
511,6.598653569477561,S,SYSTEM,PHE,2,2.15
512,51.54175447295754,B,SYSTEM,PHE,1,2.35
513,0.0,S,SYSTEM,PHE,1,2.15
514,0.0,S,SYSTEM,PHE,1,2.15
515,39.59192141686537,S,SYSTEM,PHE,1,2.15
516,51.54175447295754,B,SYSTEM,PHE,2,2.35
517,0.0,S,SYSTEM,PHE,2,2.15
518,6.598653569477561,S,SYSTEM,PHE,2,2.15
519,0.0,S,SYSTEM,PHE,2,2.15
520,29.45243112740431,B,SYSTEM,PHE,1,2.35
521,0.0,S,SYSTEM,PHE,1,2.15
522,0.0,S,SYSTEM,PHE,1,2.15
523,6.598653569477561,S,SYSTEM,PHE,1,2.15
524,51.54175447295754,B,SYSTEM,PHE,2,2.35
525,0.0,S,SYSTEM,PHE,2,2.15
526,46.190574986342924,S,SYSTEM,PHE,2,2.15
527,13.197307138955122,S,SYSTEM,PHE,2,2.15
528,66.2679700366597,B,SYSTEM,PHE,1,2.35
529,26.394614277910243,S,SYSTEM,PHE,1,2.15
530,13.197307138955122,S,SYSTEM,PHE,1,2.15
531,0.0,S,SYSTEM,PHE,1,2.15
532,66.2679700366597,B,SYSTEM,PHE,2,2.35
533,13.197307138955122,S,SYSTEM,PHE,2,2.15
534,0.0,S,SYSTEM,PHE,2,2.15
535,6.598653569477561,S,SYSTEM,PHE,2,2.15
536,80.99418560036185,B,SYSTEM,PHE,1,2.35
537,19.795960708432684,S,SYSTEM,PHE,1,2.15
538,79.18384283373074,S,SYSTEM,PHE,1,2.15
539,19.795960708432684,S,SYSTEM,PHE,1,2.15
540,51.54175447295754,B,SYSTEM,PHE,2,2.35
541,6.598653569477561,S,SYSTEM,PHE,2,2.15
542,39.59192141686537,S,SYSTEM,PHE,2,2.15
543,6.598653569477561,S,SYSTEM,PHE,2,2.15
544,7.3631077818510775,B,SYSTEM,PHE,1,2.35
545,0.0,S,SYSTEM,PHE,1,2.15
546,0.0,S,SYSTEM,PHE,1,2.15
547,0.0,S,SYSTEM,PHE,1,2.15
548,44.178646691106465,B,SYSTEM,PHE,2,2.35
549,13.197307138955122,S,SYSTEM,PHE,2,2.15
550,0.0,S,SYSTEM,PHE,2,2.15
551,13.197307138955122,S,SYSTEM,PHE,2,2.15
552,22.089323345553233,B,SYSTEM,PHE,1,2.35
553,0.0,S,SYSTEM,PHE,1,2.15
554,0.0,S,SYSTEM,PHE,1,2.15
555,0.0,S,SYSTEM,PHE,1,2.15
556,29.45243112740431,B,SYSTEM,PHE,2,2.35
557,13.197307138955122,S,SYSTEM,PHE,2,2.15
558,0.0,S,SYSTEM,PHE,2,2.15
559,46.190574986342924,S,SYSTEM,PHE,2,2.15
560,51.54175447295754,B,SYSTEM,PHE,1,2.35
561,0.0,S,SYSTEM,PHE,1,2.15
562,19.795960708432684,S,SYSTEM,PHE,1,2.15
563,13.197307138955122,S,SYSTEM,PHE,1,2.15
564,29.45243112740431,B,SYSTEM,PHE,2,2.35
565,6.598653569477561,S,SYSTEM,PHE,2,2.15
566,32.9932678473878,S,SYSTEM,PHE,2,2.15
567,59.38788212529805,S,SYSTEM,PHE,2,2.15
568,36.81553890925538,B,SYSTEM,PHE,1,2.35
569,6.598653569477561,S,SYSTEM,PHE,1,2.15
570,13.197307138955122,S,SYSTEM,PHE,1,2.15
571,0.0,S,SYSTEM,PHE,1,2.15
572,44.178646691106465,B,SYSTEM,PHE,2,2.35
573,13.197307138955122,S,SYSTEM,PHE,2,2.15
574,6.598653569477561,S,SYSTEM,PHE,2,2.15
575,13.197307138955122,S,SYSTEM,PHE,2,2.15
576,22.089323345553233,B,SYSTEM,PHE,1,2.35
577,13.197307138955122,S,SYSTEM,PHE,1,2.15
578,0.0,S,SYSTEM,PHE,1,2.15
579,0.0,S,SYSTEM,PHE,1,2.15
580,22.089323345553233,B,SYSTEM,PHE,2,2.35
581,0.0,S,SYSTEM,PHE,2,2.15
582,0.0,S,SYSTEM,PHE,2,2.15
583,0.0,S,SYSTEM,PHE,2,2.15
584,36.81553890925538,B,SYSTEM,PHE,1,2.35
585,6.598653569477561,S,SYSTEM,PHE,1,2.15
586,0.0,S,SYSTEM,PHE,1,2.15
587,6.598653569477561,S,SYSTEM,PHE,1,2.15
588,66.2679700366597,B,SYSTEM,PHE,2,2.35
589,6.598653569477561,S,SYSTEM,PHE,2,2.15
590,6.598653569477561,S,SYSTEM,PHE,2,2.15
591,32.9932678473878,S,SYSTEM,PHE,2,2.15
592,29.45243112740431,B,SYSTEM,PHE,1,2.35
593,0.0,S,SYSTEM,PHE,1,2.15
594,6.598653569477561,S,SYSTEM,PHE,1,2.15
595,6.598653569477561,S,SYSTEM,PHE,1,2.15
596,7.3631077818510775,B,SYSTEM,PHE,2,2.35
597,0.0,S,SYSTEM,PHE,2,2.15
598,13.197307138955122,S,SYSTEM,PHE,2,2.15
599,19.795960708432684,S,SYSTEM,PHE,2,2.15
600,14.726215563702155,B,SYSTEM,PHE,1,2.35
601,0.0,S,SYSTEM,PHE,1,2.15
602,46.190574986342924,S,SYSTEM,PHE,1,2.15
603,19.795960708432684,S,SYSTEM,PHE,1,2.15
604,14.726215563702155,B,SYSTEM,PHE,2,2.35
605,0.0,S,SYSTEM,PHE,2,2.15
606,19.795960708432684,S,SYSTEM,PHE,2,2.15
607,13.197307138955122,S,SYSTEM,PHE,2,2.15
608,29.45243112740431,B,SYSTEM,PHE,1,2.35
609,0.0,S,SYSTEM,PHE,1,2.15
610,46.190574986342924,S,SYSTEM,PHE,1,2.15
611,26.394614277910243,S,SYSTEM,PHE,1,2.15
612,80.99418560036185,B,SYSTEM,PHE,2,2.35
613,26.394614277910243,S,SYSTEM,PHE,2,2.15
614,72.58518926425316,S,SYSTEM,PHE,2,2.15
615,46.190574986342924,S,SYSTEM,PHE,2,2.15
616,44.178646691106465,B,SYSTEM,PHE,1,2.35
617,0.0,S,SYSTEM,PHE,1,2.15
618,13.197307138955122,S,SYSTEM,PHE,1,2.15
619,6.598653569477561,S,SYSTEM,PHE,1,2.15
620,29.45243112740431,B,SYSTEM,PHE,2,2.35
621,0.0,S,SYSTEM,PHE,2,2.15
622,0.0,S,SYSTEM,PHE,2,2.15
623,6.598653569477561,S,SYSTEM,PHE,2,2.15
624,14.726215563702155,B,SYSTEM,PHE,1,2.35
625,6.598653569477561,S,SYSTEM,PHE,1,2.15
626,0.0,S,SYSTEM,PHE,1,2.15
627,0.0,S,SYSTEM,PHE,1,2.15
628,36.81553890925538,B,SYSTEM,PHE,2,2.35
629,0.0,S,SYSTEM,PHE,2,2.15
630,6.598653569477561,S,SYSTEM,PHE,2,2.15
631,0.0,S,SYSTEM,PHE,2,2.15
632,58.90486225480862,B,SYSTEM,PHE,1,2.35
633,19.795960708432684,S,SYSTEM,PHE,1,2.15
634,0.0,S,SYSTEM,PHE,1,2.15
635,46.190574986342924,S,SYSTEM,PHE,1,2.15
636,36.81553890925538,B,SYSTEM,PHE,2,2.35
637,0.0,S,SYSTEM,PHE,2,2.15
638,72.58518926425316,S,SYSTEM,PHE,2,2.15
639,32.9932678473878,S,SYSTEM,PHE,2,2.15
640,14.726215563702155,B,SYSTEM,PHE,1,2.35
641,0.0,S,SYSTEM,PHE,1,2.15
642,0.0,S,SYSTEM,PHE,1,2.15
643,13.197307138955122,S,SYSTEM,PHE,1,2.15
644,14.726215563702155,B,SYSTEM,PHE,2,2.35
645,0.0,S,SYSTEM,PHE,2,2.15
646,0.0,S,SYSTEM,PHE,2,2.15
647,0.0,S,SYSTEM,PHE,2,2.15
648,14.726215563702155,B,SYSTEM,PHE,1,2.35
649,0.0,S,SYSTEM,PHE,1,2.15
650,26.394614277910243,S,SYSTEM,PHE,1,2.15
651,0.0,S,SYSTEM,PHE,1,2.15
652,22.089323345553233,B,SYSTEM,PHE,2,2.35
653,0.0,S,SYSTEM,PHE,2,2.15
654,0.0,S,SYSTEM,PHE,2,2.15
655,6.598653569477561,S,SYSTEM,PHE,2,2.15
656,51.54175447295754,B,SYSTEM,PHE,1,2.35
657,0.0,S,SYSTEM,PHE,1,2.15
658,0.0,S,SYSTEM,PHE,1,2.15
659,13.197307138955122,S,SYSTEM,PHE,1,2.15
660,66.2679700366597,B,SYSTEM,PHE,2,2.35
661,6.598653569477561,S,SYSTEM,PHE,2,2.15
662,39.59192141686537,S,SYSTEM,PHE,2,2.15
663,6.598653569477561,S,SYSTEM,PHE,2,2.15
664,80.99418560036185,B,SYSTEM,PHE,1,2.35
665,13.197307138955122,S,SYSTEM,PHE,1,2.15
666,39.59192141686537,S,SYSTEM,PHE,1,2.15
667,65.9865356947756,S,SYSTEM,PHE,1,2.15
668,58.90486225480862,B,SYSTEM,PHE,2,2.35
669,0.0,S,SYSTEM,PHE,2,2.15
670,6.598653569477561,S,SYSTEM,PHE,2,2.15
671,0.0,S,SYSTEM,PHE,2,2.15
672,58.90486225480862,B,SYSTEM,PHE,1,2.35
673,6.598653569477561,S,SYSTEM,PHE,1,2.15
674,13.197307138955122,S,SYSTEM,PHE,1,2.15
675,52.789228555820486,S,SYSTEM,PHE,1,2.15
676,51.54175447295754,B,SYSTEM,PHE,2,2.35
677,6.598653569477561,S,SYSTEM,PHE,2,2.15
678,6.598653569477561,S,SYSTEM,PHE,2,2.15
679,6.598653569477561,S,SYSTEM,PHE,2,2.15
680,58.90486225480862,B,SYSTEM,PHE,1,2.35
681,6.598653569477561,S,SYSTEM,PHE,1,2.15
682,0.0,S,SYSTEM,PHE,1,2.15
683,19.795960708432684,S,SYSTEM,PHE,1,2.15
684,7.3631077818510775,B,SYSTEM,PHE,2,2.35
685,0.0,S,SYSTEM,PHE,2,2.15
686,26.394614277910243,S,SYSTEM,PHE,2,2.15
687,26.394614277910243,S,SYSTEM,PHE,2,2.15
688,51.54175447295754,B,SYSTEM,PHE,1,2.35
689,6.598653569477561,S,SYSTEM,PHE,1,2.15
690,0.0,S,SYSTEM,PHE,1,2.15
691,19.795960708432684,S,SYSTEM,PHE,1,2.15
692,44.178646691106465,B,SYSTEM,PHE,2,2.35
693,0.0,S,SYSTEM,PHE,2,2.15
694,6.598653569477561,S,SYSTEM,PHE,2,2.15
695,26.394614277910243,S,SYSTEM,PHE,2,2.15
696,44.178646691106465,B,SYSTEM,PHE,1,2.35
697,13.197307138955122,S,SYSTEM,PHE,1,2.15
698,19.795960708432684,S,SYSTEM,PHE,1,2.15
699,26.394614277910243,S,SYSTEM,PHE,1,2.15
700,44.178646691106465,B,SYSTEM,PHE,2,2.35
701,0.0,S,SYSTEM,PHE,2,2.15
702,46.190574986342924,S,SYSTEM,PHE,2,2.15
703,6.598653569477561,S,SYSTEM,PHE,2,2.15
704,58.90486225480862,B,SYSTEM,PHE,1,2.35
705,6.598653569477561,S,SYSTEM,PHE,1,2.15
706,6.598653569477561,S,SYSTEM,PHE,1,2.15
707,0.0,S,SYSTEM,PHE,1,2.15
708,51.54175447295754,B,SYSTEM,PHE,2,2.35
709,0.0,S,SYSTEM,PHE,2,2.15
710,0.0,S,SYSTEM,PHE,2,2.15
711,13.197307138955122,S,SYSTEM,PHE,2,2.15
712,22.089323345553233,B,SYSTEM,PHE,1,2.35
713,0.0,S,SYSTEM,PHE,1,2.15
714,0.0,S,SYSTEM,PHE,1,2.15
715,6.598653569477561,S,SYSTEM,PHE,1,2.15
716,7.3631077818510775,B,SYSTEM,PHE,2,2.35
717,13.197307138955122,S,SYSTEM,PHE,2,2.15
718,0.0,S,SYSTEM,PHE,2,2.15
719,6.598653569477561,S,SYSTEM,PHE,2,2.15
720,44.178646691106465,B,SYSTEM,PHE,1,2.35
721,13.197307138955122,S,SYSTEM,PHE,1,2.15
722,59.38788212529805,S,SYSTEM,PHE,1,2.15
723,39.59192141686537,S,SYSTEM,PHE,1,2.15
724,58.90486225480862,B,SYSTEM,PHE,2,2.35
725,13.197307138955122,S,SYSTEM,PHE,2,2.15
726,0.0,S,SYSTEM,PHE,2,2.15
727,13.197307138955122,S,SYSTEM,PHE,2,2.15
728,7.3631077818510775,B,SYSTEM,PHE,1,2.35
729,0.0,S,SYSTEM,PHE,1,2.15
730,6.598653569477561,S,SYSTEM,PHE,1,2.15
731,6.598653569477561,S,SYSTEM,PHE,1,2.15
732,0.0,B,SYSTEM,PHE,2,2.35
733,0.0,S,SYSTEM,PHE,2,2.15
734,6.598653569477561,S,SYSTEM,PHE,2,2.15
735,0.0,S,SYSTEM,PHE,2,2.15
736,66.2679700366597,B,SYSTEM,PHE,1,2.35
737,13.197307138955122,S,SYSTEM,PHE,1,2.15
738,6.598653569477561,S,SYSTEM,PHE,1,2.15
739,6.598653569477561,S,SYSTEM,PHE,1,2.15
740,73.63107781851076,B,SYSTEM,PHE,2,2.35
741,0.0,S,SYSTEM,PHE,2,2.15
742,0.0,S,SYSTEM,PHE,2,2.15
743,6.598653569477561,S,SYSTEM,PHE,2,2.15
744,22.089323345553233,B,SYSTEM,PHE,1,2.35
745,0.0,S,SYSTEM,PHE,1,2.15
746,13.197307138955122,S,SYSTEM,PHE,1,2.15
747,0.0,S,SYSTEM,PHE,1,2.15
748,36.81553890925538,B,SYSTEM,PHE,2,2.35
749,19.795960708432684,S,SYSTEM,PHE,2,2.15
750,0.0,S,SYSTEM,PHE,2,2.15
751,26.394614277910243,S,SYSTEM,PHE,2,2.15
752,0.0,B,SYSTEM,PHE,1,2.35
753,6.598653569477561,S,SYSTEM,PHE,1,2.15
754,6.598653569477561,S,SYSTEM,PHE,1,2.15
755,0.0,S,SYSTEM,PHE,1,2.15
756,29.45243112740431,B,SYSTEM,PHE,2,2.35
757,6.598653569477561,S,SYSTEM,PHE,2,2.15
758,13.197307138955122,S,SYSTEM,PHE,2,2.15
759,6.598653569477561,S,SYSTEM,PHE,2,2.15
760,22.089323345553233,B,SYSTEM,PHE,1,2.35
761,0.0,S,SYSTEM,PHE,1,2.15
762,0.0,S,SYSTEM,PHE,1,2.15
763,6.598653569477561,S,SYSTEM,PHE,1,2.15
764,51.54175447295754,B,SYSTEM,PHE,2,2.35
765,6.598653569477561,S,SYSTEM,PHE,2,2.15
766,65.9865356947756,S,SYSTEM,PHE,2,2.15
767,39.59192141686537,S,SYSTEM,PHE,2,2.15
768,29.45243112740431,B,SYSTEM,PHE,1,2.35
769,0.0,S,SYSTEM,PHE,1,2.15
770,6.598653569477561,S,SYSTEM,PHE,1,2.15
771,0.0,S,SYSTEM,PHE,1,2.15
772,58.90486225480862,B,SYSTEM,PHE,2,2.35
773,6.598653569477561,S,SYSTEM,PHE,2,2.15
774,72.58518926425316,S,SYSTEM,PHE,2,2.15
775,6.598653569477561,S,SYSTEM,PHE,2,2.15
776,44.178646691106465,B,SYSTEM,PHE,1,2.35
777,6.598653569477561,S,SYSTEM,PHE,1,2.15
778,13.197307138955122,S,SYSTEM,PHE,1,2.15
779,19.795960708432684,S,SYSTEM,PHE,1,2.15
780,58.90486225480862,B,SYSTEM,PHE,2,2.35
781,39.59192141686537,S,SYSTEM,PHE,2,2.15
782,46.190574986342924,S,SYSTEM,PHE,2,2.15
783,19.795960708432684,S,SYSTEM,PHE,2,2.15
784,29.45243112740431,B,SYSTEM,PHE,1,2.35
785,0.0,S,SYSTEM,PHE,1,2.15
786,19.795960708432684,S,SYSTEM,PHE,1,2.15
787,26.394614277910243,S,SYSTEM,PHE,1,2.15
788,51.54175447295754,B,SYSTEM,PHE,2,2.35
789,0.0,S,SYSTEM,PHE,2,2.15
790,19.795960708432684,S,SYSTEM,PHE,2,2.15
791,39.59192141686537,S,SYSTEM,PHE,2,2.15
792,44.178646691106465,B,SYSTEM,PHE,1,2.35
793,19.795960708432684,S,SYSTEM,PHE,1,2.15
794,26.394614277910243,S,SYSTEM,PHE,1,2.15
795,32.9932678473878,S,SYSTEM,PHE,1,2.15
796,29.45243112740431,B,SYSTEM,PHE,2,2.35
797,0.0,S,SYSTEM,PHE,2,2.15
798,39.59192141686537,S,SYSTEM,PHE,2,2.15
799,26.394614277910243,S,SYSTEM,PHE,2,2.15
800,58.90486225480862,B,SYSTEM,PHE,1,2.35
801,13.197307138955122,S,SYSTEM,PHE,1,2.15
802,0.0,S,SYSTEM,PHE,1,2.15
803,39.59192141686537,S,SYSTEM,PHE,1,2.15
804,80.99418560036185,B,SYSTEM,PHE,2,2.35
805,19.795960708432684,S,SYSTEM,PHE,2,2.15
806,52.789228555820486,S,SYSTEM,PHE,2,2.15
807,32.9932678473878,S,SYSTEM,PHE,2,2.15
808,0.0,B,SYSTEM,PHE,1,2.35
809,0.0,S,SYSTEM,PHE,1,2.15
810,0.0,S,SYSTEM,PHE,1,2.15
811,6.598653569477561,S,SYSTEM,PHE,1,2.15
812,51.54175447295754,B,SYSTEM,PHE,2,2.35
813,19.795960708432684,S,SYSTEM,PHE,2,2.15
814,0.0,S,SYSTEM,PHE,2,2.15
815,65.9865356947756,S,SYSTEM,PHE,2,2.15
816,73.63107781851076,B,SYSTEM,PHE,1,2.35
817,26.394614277910243,S,SYSTEM,PHE,1,2.15
818,13.197307138955122,S,SYSTEM,PHE,1,2.15
819,59.38788212529805,S,SYSTEM,PHE,1,2.15
820,80.99418560036185,B,SYSTEM,PHE,2,2.35
821,19.795960708432684,S,SYSTEM,PHE,2,2.15
822,46.190574986342924,S,SYSTEM,PHE,2,2.15
823,32.9932678473878,S,SYSTEM,PHE,2,2.15
824,80.99418560036185,B,SYSTEM,PHE,1,2.35
825,26.394614277910243,S,SYSTEM,PHE,1,2.15
826,85.78249640320828,S,SYSTEM,PHE,1,2.15
827,65.9865356947756,S,SYSTEM,PHE,1,2.15
828,36.81553890925538,B,SYSTEM,PHE,2,2.35
829,6.598653569477561,S,SYSTEM,PHE,2,2.15
830,26.394614277910243,S,SYSTEM,PHE,2,2.15
831,59.38788212529805,S,SYSTEM,PHE,2,2.15
832,95.720401164064,B,SYSTEM,PHE,1,2.35
833,6.598653569477561,S,SYSTEM,PHE,1,2.15
834,13.197307138955122,S,SYSTEM,PHE,1,2.15
835,13.197307138955122,S,SYSTEM,PHE,1,2.15
836,29.45243112740431,B,SYSTEM,PHE,2,2.35
837,0.0,S,SYSTEM,PHE,2,2.15
838,6.598653569477561,S,SYSTEM,PHE,2,2.15
839,32.9932678473878,S,SYSTEM,PHE,2,2.15
840,29.45243112740431,B,SYSTEM,PHE,1,2.35
841,0.0,S,SYSTEM,PHE,1,2.15
842,6.598653569477561,S,SYSTEM,PHE,1,2.15
843,19.795960708432684,S,SYSTEM,PHE,1,2.15
844,66.2679700366597,B,SYSTEM,PHE,2,2.35
845,26.394614277910243,S,SYSTEM,PHE,2,2.15
846,6.598653569477561,S,SYSTEM,PHE,2,2.15
847,39.59192141686537,S,SYSTEM,PHE,2,2.15
848,95.720401164064,B,SYSTEM,PHE,1,2.35
849,26.394614277910243,S,SYSTEM,PHE,1,2.15
850,6.598653569477561,S,SYSTEM,PHE,1,2.15
851,46.190574986342924,S,SYSTEM,PHE,1,2.15
852,66.2679700366597,B,SYSTEM,PHE,2,2.35
853,19.795960708432684,S,SYSTEM,PHE,2,2.15
854,19.795960708432684,S,SYSTEM,PHE,2,2.15
855,19.795960708432684,S,SYSTEM,PHE,2,2.15
856,66.2679700366597,B,SYSTEM,PHE,1,2.35
857,19.795960708432684,S,SYSTEM,PHE,1,2.15
858,65.9865356947756,S,SYSTEM,PHE,1,2.15
859,59.38788212529805,S,SYSTEM,PHE,1,2.15
860,44.178646691106465,B,SYSTEM,PHE,2,2.35
861,0.0,S,SYSTEM,PHE,2,2.15
862,26.394614277910243,S,SYSTEM,PHE,2,2.15
863,26.394614277910243,S,SYSTEM,PHE,2,2.15
864,44.178646691106465,B,SYSTEM,PHE,1,2.35
865,13.197307138955122,S,SYSTEM,PHE,1,2.15
866,46.190574986342924,S,SYSTEM,PHE,1,2.15
867,59.38788212529805,S,SYSTEM,PHE,1,2.15
868,22.089323345553233,B,SYSTEM,PHE,2,2.35
869,0.0,S,SYSTEM,PHE,2,2.15
870,32.9932678473878,S,SYSTEM,PHE,2,2.15
871,13.197307138955122,S,SYSTEM,PHE,2,2.15
872,22.089323345553233,B,SYSTEM,PHE,1,2.35
873,0.0,S,SYSTEM,PHE,1,2.15
874,6.598653569477561,S,SYSTEM,PHE,1,2.15
875,0.0,S,SYSTEM,PHE,1,2.15
876,58.90486225480862,B,SYSTEM,PHE,2,2.35
877,13.197307138955122,S,SYSTEM,PHE,2,2.15
878,0.0,S,SYSTEM,PHE,2,2.15
879,0.0,S,SYSTEM,PHE,2,2.15
880,36.81553890925538,B,SYSTEM,PHE,1,2.35
881,13.197307138955122,S,SYSTEM,PHE,1,2.15
882,0.0,S,SYSTEM,PHE,1,2.15
883,13.197307138955122,S,SYSTEM,PHE,1,2.15
884,51.54175447295754,B,SYSTEM,PHE,2,2.35
885,13.197307138955122,S,SYSTEM,PHE,2,2.15
886,13.197307138955122,S,SYSTEM,PHE,2,2.15
887,0.0,S,SYSTEM,PHE,2,2.15
888,58.90486225480862,B,SYSTEM,PHE,1,2.35
889,13.197307138955122,S,SYSTEM,PHE,1,2.15
890,0.0,S,SYSTEM,PHE,1,2.15
891,0.0,S,SYSTEM,PHE,1,2.15
892,36.81553890925538,B,SYSTEM,PHE,2,2.35
893,0.0,S,SYSTEM,PHE,2,2.15
894,0.0,S,SYSTEM,PHE,2,2.15
895,0.0,S,SYSTEM,PHE,2,2.15
896,58.90486225480862,B,SYSTEM,PHE,1,2.35
897,19.795960708432684,S,SYSTEM,PHE,1,2.15
898,32.9932678473878,S,SYSTEM,PHE,1,2.15
899,85.78249640320828,S,SYSTEM,PHE,1,2.15
900,80.99418560036185,B,SYSTEM,PHE,2,2.35
901,39.59192141686537,S,SYSTEM,PHE,2,2.15
902,19.795960708432684,S,SYSTEM,PHE,2,2.15
903,52.789228555820486,S,SYSTEM,PHE,2,2.15
904,51.54175447295754,B,SYSTEM,PHE,1,2.35
905,0.0,S,SYSTEM,PHE,1,2.15
906,6.598653569477561,S,SYSTEM,PHE,1,2.15
907,0.0,S,SYSTEM,PHE,1,2.15
908,88.35729338221293,B,SYSTEM,PHE,2,2.35
909,13.197307138955122,S,SYSTEM,PHE,2,2.15
910,13.197307138955122,S,SYSTEM,PHE,2,2.15
911,26.394614277910243,S,SYSTEM,PHE,2,2.15
912,58.90486225480862,B,SYSTEM,PHE,1,2.35
913,6.598653569477561,S,SYSTEM,PHE,1,2.15
914,6.598653569477561,S,SYSTEM,PHE,1,2.15
915,0.0,S,SYSTEM,PHE,1,2.15
916,66.2679700366597,B,SYSTEM,PHE,2,2.35
917,19.795960708432684,S,SYSTEM,PHE,2,2.15
918,39.59192141686537,S,SYSTEM,PHE,2,2.15
919,6.598653569477561,S,SYSTEM,PHE,2,2.15
920,51.54175447295754,B,SYSTEM,PHE,1,2.35
921,13.197307138955122,S,SYSTEM,PHE,1,2.15
922,0.0,S,SYSTEM,PHE,1,2.15
923,0.0,S,SYSTEM,PHE,1,2.15
924,58.90486225480862,B,SYSTEM,PHE,2,2.35
925,6.598653569477561,S,SYSTEM,PHE,2,2.15
926,13.197307138955122,S,SYSTEM,PHE,2,2.15
927,46.190574986342924,S,SYSTEM,PHE,2,2.15
928,73.63107781851076,B,SYSTEM,PHE,1,2.35
929,26.394614277910243,S,SYSTEM,PHE,1,2.15
930,59.38788212529805,S,SYSTEM,PHE,1,2.15
931,13.197307138955122,S,SYSTEM,PHE,1,2.15
932,51.54175447295754,B,SYSTEM,PHE,2,2.35
933,6.598653569477561,S,SYSTEM,PHE,2,2.15
934,6.598653569477561,S,SYSTEM,PHE,2,2.15
935,52.789228555820486,S,SYSTEM,PHE,2,2.15
936,58.90486225480862,B,SYSTEM,PHE,1,2.35
937,0.0,S,SYSTEM,PHE,1,2.15
938,0.0,S,SYSTEM,PHE,1,2.15
939,6.598653569477561,S,SYSTEM,PHE,1,2.15
940,51.54175447295754,B,SYSTEM,PHE,2,2.35
941,6.598653569477561,S,SYSTEM,PHE,2,2.15
942,6.598653569477561,S,SYSTEM,PHE,2,2.15
943,0.0,S,SYSTEM,PHE,2,2.15
944,14.726215563702155,B,SYSTEM,PHE,1,2.35
945,0.0,S,SYSTEM,PHE,1,2.15
946,0.0,S,SYSTEM,PHE,1,2.15
947,0.0,S,SYSTEM,PHE,1,2.15
948,44.178646691106465,B,SYSTEM,PHE,2,2.35
949,13.197307138955122,S,SYSTEM,PHE,2,2.15
950,0.0,S,SYSTEM,PHE,2,2.15
951,6.598653569477561,S,SYSTEM,PHE,2,2.15
952,36.81553890925538,B,SYSTEM,PHE,1,2.35
953,19.795960708432684,S,SYSTEM,PHE,1,2.15
954,13.197307138955122,S,SYSTEM,PHE,1,2.15
955,19.795960708432684,S,SYSTEM,PHE,1,2.15
956,7.3631077818510775,B,SYSTEM,PHE,2,2.35
957,0.0,S,SYSTEM,PHE,2,2.15
958,6.598653569477561,S,SYSTEM,PHE,2,2.15
959,19.795960708432684,S,SYSTEM,PHE,2,2.15
960,36.81553890925538,B,SYSTEM,PHE,1,2.35
961,13.197307138955122,S,SYSTEM,PHE,1,2.15
962,46.190574986342924,S,SYSTEM,PHE,1,2.15
963,13.197307138955122,S,SYSTEM,PHE,1,2.15
964,58.90486225480862,B,SYSTEM,PHE,2,2.35
965,6.598653569477561,S,SYSTEM,PHE,2,2.15
966,6.598653569477561,S,SYSTEM,PHE,2,2.15
967,46.190574986342924,S,SYSTEM,PHE,2,2.15
968,36.81553890925538,B,SYSTEM,PHE,1,2.35
969,6.598653569477561,S,SYSTEM,PHE,1,2.15
970,13.197307138955122,S,SYSTEM,PHE,1,2.15
971,13.197307138955122,S,SYSTEM,PHE,1,2.15
972,66.2679700366597,B,SYSTEM,PHE,2,2.35
973,6.598653569477561,S,SYSTEM,PHE,2,2.15
974,6.598653569477561,S,SYSTEM,PHE,2,2.15
975,59.38788212529805,S,SYSTEM,PHE,2,2.15
976,7.3631077818510775,B,SYSTEM,PHE,1,2.35
977,0.0,S,SYSTEM,PHE,1,2.15
978,32.9932678473878,S,SYSTEM,PHE,1,2.15
979,19.795960708432684,S,SYSTEM,PHE,1,2.15
980,51.54175447295754,B,SYSTEM,PHE,2,2.35
981,0.0,S,SYSTEM,PHE,2,2.15
982,26.394614277910243,S,SYSTEM,PHE,2,2.15
983,6.598653569477561,S,SYSTEM,PHE,2,2.15
984,51.54175447295754,B,SYSTEM,PHE,1,2.35
985,26.394614277910243,S,SYSTEM,PHE,1,2.15
986,32.9932678473878,S,SYSTEM,PHE,1,2.15
987,32.9932678473878,S,SYSTEM,PHE,1,2.15
988,36.81553890925538,B,SYSTEM,PHE,2,2.35
989,0.0,S,SYSTEM,PHE,2,2.15
990,32.9932678473878,S,SYSTEM,PHE,2,2.15
991,6.598653569477561,S,SYSTEM,PHE,2,2.15
992,22.089323345553233,B,SYSTEM,PHE,1,2.35
993,0.0,S,SYSTEM,PHE,1,2.15
994,6.598653569477561,S,SYSTEM,PHE,1,2.15
995,26.394614277910243,S,SYSTEM,PHE,1,2.15
996,36.81553890925538,B,SYSTEM,PHE,2,2.35
997,0.0,S,SYSTEM,PHE,2,2.15
998,46.190574986342924,S,SYSTEM,PHE,2,2.15
999,26.394614277910243,S,SYSTEM,PHE,2,2.15
1000,66.2679700366597,B,SYSTEM,PHE,1,2.35
1001,19.795960708432684,S,SYSTEM,PHE,1,2.15
1002,13.197307138955122,S,SYSTEM,PHE,1,2.15
1003,26.394614277910243,S,SYSTEM,PHE,1,2.15
1004,44.178646691106465,B,SYSTEM,PHE,2,2.35
1005,19.795960708432684,S,SYSTEM,PHE,2,2.15
1006,46.190574986342924,S,SYSTEM,PHE,2,2.15
1007,26.394614277910243,S,SYSTEM,PHE,2,2.15
1008,29.45243112740431,B,SYSTEM,PHE,1,2.35
1009,6.598653569477561,S,SYSTEM,PHE,1,2.15
1010,13.197307138955122,S,SYSTEM,PHE,1,2.15
1011,59.38788212529805,S,SYSTEM,PHE,1,2.15
1012,22.089323345553233,B,SYSTEM,PHE,2,2.35
1013,6.598653569477561,S,SYSTEM,PHE,2,2.15
1014,6.598653569477561,S,SYSTEM,PHE,2,2.15
1015,13.197307138955122,S,SYSTEM,PHE,2,2.15
1016,29.45243112740431,B,SYSTEM,PHE,1,2.35
1017,0.0,S,SYSTEM,PHE,1,2.15
1018,0.0,S,SYSTEM,PHE,1,2.15
1019,0.0,S,SYSTEM,PHE,1,2.15
1020,51.54175447295754,B,SYSTEM,PHE,2,2.35
1021,6.598653569477561,S,SYSTEM,PHE,2,2.15
1022,32.9932678473878,S,SYSTEM,PHE,2,2.15
1023,0.0,S,SYSTEM,PHE,2,2.15
1024,51.54175447295754,B,SYSTEM,PHE,1,2.35
1025,19.795960708432684,S,SYSTEM,PHE,1,2.15
1026,26.394614277910243,S,SYSTEM,PHE,1,2.15
1027,26.394614277910243,S,SYSTEM,PHE,1,2.15
1028,51.54175447295754,B,SYSTEM,PHE,2,2.35
1029,6.598653569477561,S,SYSTEM,PHE,2,2.15
1030,26.394614277910243,S,SYSTEM,PHE,2,2.15
1031,0.0,S,SYSTEM,PHE,2,2.15
1032,80.99418560036185,B,SYSTEM,PHE,1,2.35
1033,19.795960708432684,S,SYSTEM,PHE,1,2.15
1034,19.795960708432684,S,SYSTEM,PHE,1,2.15
1035,26.394614277910243,S,SYSTEM,PHE,1,2.15
1036,66.2679700366597,B,SYSTEM,PHE,2,2.35
1037,0.0,S,SYSTEM,PHE,2,2.15
1038,13.197307138955122,S,SYSTEM,PHE,2,2.15
1039,72.58518926425316,S,SYSTEM,PHE,2,2.15
1040,44.178646691106465,B,SYSTEM,PHE,1,2.35
1041,0.0,S,SYSTEM,PHE,1,2.15
1042,0.0,S,SYSTEM,PHE,1,2.15
1043,0.0,S,SYSTEM,PHE,1,2.15
1044,29.45243112740431,B,SYSTEM,PHE,2,2.35
1045,6.598653569477561,S,SYSTEM,PHE,2,2.15
1046,52.789228555820486,S,SYSTEM,PHE,2,2.15
1047,0.0,S,SYSTEM,PHE,2,2.15
1048,66.2679700366597,B,SYSTEM,PHE,1,2.35
1049,19.795960708432684,S,SYSTEM,PHE,1,2.15
1050,46.190574986342924,S,SYSTEM,PHE,1,2.15
1051,65.9865356947756,S,SYSTEM,PHE,1,2.15
1052,7.3631077818510775,B,SYSTEM,PHE,2,2.35
1053,0.0,S,SYSTEM,PHE,2,2.15
1054,26.394614277910243,S,SYSTEM,PHE,2,2.15
1055,13.197307138955122,S,SYSTEM,PHE,2,2.15
1056,29.45243112740431,B,SYSTEM,PHE,1,2.35
1057,0.0,S,SYSTEM,PHE,1,2.15
1058,26.394614277910243,S,SYSTEM,PHE,1,2.15
1059,19.795960708432684,S,SYSTEM,PHE,1,2.15
1060,36.81553890925538,B,SYSTEM,PHE,2,2.35
1061,6.598653569477561,S,SYSTEM,PHE,2,2.15
1062,26.394614277910243,S,SYSTEM,PHE,2,2.15
1063,52.789228555820486,S,SYSTEM,PHE,2,2.15
1064,58.90486225480862,B,SYSTEM,PHE,1,2.35
1065,32.9932678473878,S,SYSTEM,PHE,1,2.15
1066,85.78249640320828,S,SYSTEM,PHE,1,2.15
1067,32.9932678473878,S,SYSTEM,PHE,1,2.15
1068,51.54175447295754,B,SYSTEM,PHE,2,2.35
1069,39.59192141686537,S,SYSTEM,PHE,2,2.15
1070,46.190574986342924,S,SYSTEM,PHE,2,2.15
1071,19.795960708432684,S,SYSTEM,PHE,2,2.15
1072,44.178646691106465,B,SYSTEM,PHE,1,2.35
1073,0.0,S,SYSTEM,PHE,1,2.15
1074,13.197307138955122,S,SYSTEM,PHE,1,2.15
1075,0.0,S,SYSTEM,PHE,1,2.15
1076,73.63107781851076,B,SYSTEM,PHE,2,2.35
1077,13.197307138955122,S,SYSTEM,PHE,2,2.15
1078,6.598653569477561,S,SYSTEM,PHE,2,2.15
1079,46.190574986342924,S,SYSTEM,PHE,2,2.15
1080,58.90486225480862,B,SYSTEM,PHE,1,2.35
1081,0.0,S,SYSTEM,PHE,1,2.15
1082,79.18384283373074,S,SYSTEM,PHE,1,2.15
1083,39.59192141686537,S,SYSTEM,PHE,1,2.15
1084,36.81553890925538,B,SYSTEM,PHE,2,2.35
1085,6.598653569477561,S,SYSTEM,PHE,2,2.15
1086,0.0,S,SYSTEM,PHE,2,2.15
1087,13.197307138955122,S,SYSTEM,PHE,2,2.15
1088,51.54175447295754,B,SYSTEM,PHE,1,2.35
1089,0.0,S,SYSTEM,PHE,1,2.15
1090,0.0,S,SYSTEM,PHE,1,2.15
1091,13.197307138955122,S,SYSTEM,PHE,1,2.15
1092,80.99418560036185,B,SYSTEM,PHE,2,2.35
1093,6.598653569477561,S,SYSTEM,PHE,2,2.15
1094,59.38788212529805,S,SYSTEM,PHE,2,2.15
1095,6.598653569477561,S,SYSTEM,PHE,2,2.15
1096,14.726215563702155,B,SYSTEM,PHE,1,2.35
1097,0.0,S,SYSTEM,PHE,1,2.15
1098,13.197307138955122,S,SYSTEM,PHE,1,2.15
1099,13.197307138955122,S,SYSTEM,PHE,1,2.15
1100,44.178646691106465,B,SYSTEM,PHE,2,2.35
1101,6.598653569477561,S,SYSTEM,PHE,2,2.15
1102,0.0,S,SYSTEM,PHE,2,2.15
1103,19.795960708432684,S,SYSTEM,PHE,2,2.15
1104,29.45243112740431,B,SYSTEM,PHE,1,2.35
1105,0.0,S,SYSTEM,PHE,1,2.15
1106,6.598653569477561,S,SYSTEM,PHE,1,2.15
1107,6.598653569477561,S,SYSTEM,PHE,1,2.15
1108,29.45243112740431,B,SYSTEM,PHE,2,2.35
1109,0.0,S,SYSTEM,PHE,2,2.15
1110,0.0,S,SYSTEM,PHE,2,2.15
1111,0.0,S,SYSTEM,PHE,2,2.15
1112,58.90486225480862,B,SYSTEM,PHE,1,2.35
1113,19.795960708432684,S,SYSTEM,PHE,1,2.15
1114,46.190574986342924,S,SYSTEM,PHE,1,2.15
1115,39.59192141686537,S,SYSTEM,PHE,1,2.15
1116,66.2679700366597,B,SYSTEM,PHE,2,2.35
1117,13.197307138955122,S,SYSTEM,PHE,2,2.15
1118,65.9865356947756,S,SYSTEM,PHE,2,2.15
1119,32.9932678473878,S,SYSTEM,PHE,2,2.15
1120,14.726215563702155,B,SYSTEM,PHE,1,2.35
1121,0.0,S,SYSTEM,PHE,1,2.15
1122,13.197307138955122,S,SYSTEM,PHE,1,2.15
1123,0.0,S,SYSTEM,PHE,1,2.15
1124,29.45243112740431,B,SYSTEM,PHE,2,2.35
1125,13.197307138955122,S,SYSTEM,PHE,2,2.15
1126,0.0,S,SYSTEM,PHE,2,2.15
1127,6.598653569477561,S,SYSTEM,PHE,2,2.15
1128,22.089323345553233,B,SYSTEM,PHE,1,2.35
1129,6.598653569477561,S,SYSTEM,PHE,1,2.15
1130,26.394614277910243,S,SYSTEM,PHE,1,2.15
1131,0.0,S,SYSTEM,PHE,1,2.15
1132,29.45243112740431,B,SYSTEM,PHE,2,2.35
1133,6.598653569477561,S,SYSTEM,PHE,2,2.15
1134,0.0,S,SYSTEM,PHE,2,2.15
1135,19.795960708432684,S,SYSTEM,PHE,2,2.15
1136,36.81553890925538,B,SYSTEM,PHE,1,2.35
1137,6.598653569477561,S,SYSTEM,PHE,1,2.15
1138,19.795960708432684,S,SYSTEM,PHE,1,2.15
1139,19.795960708432684,S,SYSTEM,PHE,1,2.15
1140,44.178646691106465,B,SYSTEM,PHE,2,2.35
1141,0.0,S,SYSTEM,PHE,2,2.15
1142,65.9865356947756,S,SYSTEM,PHE,2,2.15
1143,52.789228555820486,S,SYSTEM,PHE,2,2.15
1144,51.54175447295754,B,SYSTEM,PHE,1,2.35
1145,0.0,S,SYSTEM,PHE,1,2.15
1146,0.0,S,SYSTEM,PHE,1,2.15
1147,0.0,S,SYSTEM,PHE,1,2.15
1148,51.54175447295754,B,SYSTEM,PHE,2,2.35
1149,0.0,S,SYSTEM,PHE,2,2.15
1150,0.0,S,SYSTEM,PHE,2,2.15
1151,0.0,S,SYSTEM,PHE,2,2.15
1152,51.54175447295754,B,SYSTEM,PHE,1,2.35
1153,0.0,S,SYSTEM,PHE,1,2.15
1154,13.197307138955122,S,SYSTEM,PHE,1,2.15
1155,32.9932678473878,S,SYSTEM,PHE,1,2.15
1156,66.2679700366597,B,SYSTEM,PHE,2,2.35
1157,13.197307138955122,S,SYSTEM,PHE,2,2.15
1158,0.0,S,SYSTEM,PHE,2,2.15
1159,26.394614277910243,S,SYSTEM,PHE,2,2.15
1160,51.54175447295754,B,SYSTEM,PHE,1,2.35
1161,6.598653569477561,S,SYSTEM,PHE,1,2.15
1162,0.0,S,SYSTEM,PHE,1,2.15
1163,39.59192141686537,S,SYSTEM,PHE,1,2.15
1164,44.178646691106465,B,SYSTEM,PHE,2,2.35
1165,6.598653569477561,S,SYSTEM,PHE,2,2.15
1166,0.0,S,SYSTEM,PHE,2,2.15
1167,6.598653569477561,S,SYSTEM,PHE,2,2.15
1168,44.178646691106465,B,SYSTEM,PHE,1,2.35
1169,6.598653569477561,S,SYSTEM,PHE,1,2.15
1170,13.197307138955122,S,SYSTEM,PHE,1,2.15
1171,0.0,S,SYSTEM,PHE,1,2.15
1172,51.54175447295754,B,SYSTEM,PHE,2,2.35
1173,13.197307138955122,S,SYSTEM,PHE,2,2.15
1174,46.190574986342924,S,SYSTEM,PHE,2,2.15
1175,0.0,S,SYSTEM,PHE,2,2.15
1176,44.178646691106465,B,SYSTEM,PHE,1,2.35
1177,13.197307138955122,S,SYSTEM,PHE,1,2.15
1178,39.59192141686537,S,SYSTEM,PHE,1,2.15
1179,65.9865356947756,S,SYSTEM,PHE,1,2.15
1180,88.35729338221293,B,SYSTEM,PHE,2,2.35
1181,32.9932678473878,S,SYSTEM,PHE,2,2.15
1182,52.789228555820486,S,SYSTEM,PHE,2,2.15
1183,85.78249640320828,S,SYSTEM,PHE,2,2.15
1184,22.089323345553233,B,SYSTEM,PHE,1,2.35
1185,0.0,S,SYSTEM,PHE,1,2.15
1186,6.598653569477561,S,SYSTEM,PHE,1,2.15
1187,0.0,S,SYSTEM,PHE,1,2.15
1188,36.81553890925538,B,SYSTEM,PHE,2,2.35
1189,6.598653569477561,S,SYSTEM,PHE,2,2.15
1190,0.0,S,SYSTEM,PHE,2,2.15
1191,0.0,S,SYSTEM,PHE,2,2.15
1192,88.35729338221293,B,SYSTEM,PHE,1,2.35
1193,6.598653569477561,S,SYSTEM,PHE,1,2.15
1194,85.78249640320828,S,SYSTEM,PHE,1,2.15
1195,32.9932678473878,S,SYSTEM,PHE,1,2.15
1196,29.45243112740431,B,SYSTEM,PHE,2,2.35
1197,13.197307138955122,S,SYSTEM,PHE,2,2.15
1198,0.0,S,SYSTEM,PHE,2,2.15
1199,26.394614277910243,S,SYSTEM,PHE,2,2.15
1200,36.81553890925538,B,SYSTEM,PHE,1,2.35
1201,0.0,S,SYSTEM,PHE,1,2.15
1202,26.394614277910243,S,SYSTEM,PHE,1,2.15
1203,0.0,S,SYSTEM,PHE,1,2.15
1204,66.2679700366597,B,SYSTEM,PHE,2,2.35
1205,13.197307138955122,S,SYSTEM,PHE,2,2.15
1206,26.394614277910243,S,SYSTEM,PHE,2,2.15
1207,0.0,S,SYSTEM,PHE,2,2.15
1208,44.178646691106465,B,SYSTEM,PHE,1,2.35
1209,0.0,S,SYSTEM,PHE,1,2.15
1210,19.795960708432684,S,SYSTEM,PHE,1,2.15
1211,6.598653569477561,S,SYSTEM,PHE,1,2.15
1212,14.726215563702155,B,SYSTEM,PHE,2,2.35
1213,6.598653569477561,S,SYSTEM,PHE,2,2.15
1214,0.0,S,SYSTEM,PHE,2,2.15
1215,6.598653569477561,S,SYSTEM,PHE,2,2.15
1216,22.089323345553233,B,SYSTEM,PHE,1,2.35
1217,0.0,S,SYSTEM,PHE,1,2.15
1218,13.197307138955122,S,SYSTEM,PHE,1,2.15
1219,26.394614277910243,S,SYSTEM,PHE,1,2.15
1220,66.2679700366597,B,SYSTEM,PHE,2,2.35
1221,6.598653569477561,S,SYSTEM,PHE,2,2.15
1222,6.598653569477561,S,SYSTEM,PHE,2,2.15
1223,6.598653569477561,S,SYSTEM,PHE,2,2.15
1224,44.178646691106465,B,SYSTEM,PHE,1,2.35
1225,19.795960708432684,S,SYSTEM,PHE,1,2.15
1226,19.795960708432684,S,SYSTEM,PHE,1,2.15
1227,85.78249640320828,S,SYSTEM,PHE,1,2.15
1228,51.54175447295754,B,SYSTEM,PHE,2,2.35
1229,13.197307138955122,S,SYSTEM,PHE,2,2.15
1230,0.0,S,SYSTEM,PHE,2,2.15
1231,19.795960708432684,S,SYSTEM,PHE,2,2.15
1232,80.99418560036185,B,SYSTEM,PHE,1,2.35
1233,19.795960708432684,S,SYSTEM,PHE,1,2.15
1234,92.38114997268585,S,SYSTEM,PHE,1,2.15
1235,13.197307138955122,S,SYSTEM,PHE,1,2.15
1236,22.089323345553233,B,SYSTEM,PHE,2,2.35
1237,6.598653569477561,S,SYSTEM,PHE,2,2.15
1238,19.795960708432684,S,SYSTEM,PHE,2,2.15
1239,46.190574986342924,S,SYSTEM,PHE,2,2.15
1240,22.089323345553233,B,SYSTEM,PHE,1,2.35
1241,0.0,S,SYSTEM,PHE,1,2.15
1242,39.59192141686537,S,SYSTEM,PHE,1,2.15
1243,13.197307138955122,S,SYSTEM,PHE,1,2.15
1244,80.99418560036185,B,SYSTEM,PHE,2,2.35
1245,6.598653569477561,S,SYSTEM,PHE,2,2.15
1246,32.9932678473878,S,SYSTEM,PHE,2,2.15
1247,19.795960708432684,S,SYSTEM,PHE,2,2.15
1248,36.81553890925538,B,SYSTEM,PHE,1,2.35
1249,0.0,S,SYSTEM,PHE,1,2.15
1250,0.0,S,SYSTEM,PHE,1,2.15
1251,0.0,S,SYSTEM,PHE,1,2.15
1252,51.54175447295754,B,SYSTEM,PHE,2,2.35
1253,6.598653569477561,S,SYSTEM,PHE,2,2.15
1254,0.0,S,SYSTEM,PHE,2,2.15
1255,6.598653569477561,S,SYSTEM,PHE,2,2.15
1256,73.63107781851076,B,SYSTEM,PHE,1,2.35
1257,13.197307138955122,S,SYSTEM,PHE,1,2.15
1258,46.190574986342924,S,SYSTEM,PHE,1,2.15
1259,39.59192141686537,S,SYSTEM,PHE,1,2.15
1260,80.99418560036185,B,SYSTEM,PHE,2,2.35
1261,6.598653569477561,S,SYSTEM,PHE,2,2.15
1262,26.394614277910243,S,SYSTEM,PHE,2,2.15
1263,32.9932678473878,S,SYSTEM,PHE,2,2.15
1264,44.178646691106465,B,SYSTEM,PHE,1,2.35
1265,0.0,S,SYSTEM,PHE,1,2.15
1266,52.789228555820486,S,SYSTEM,PHE,1,2.15
1267,26.394614277910243,S,SYSTEM,PHE,1,2.15
1268,14.726215563702155,B,SYSTEM,PHE,2,2.35
1269,13.197307138955122,S,SYSTEM,PHE,2,2.15
1270,6.598653569477561,S,SYSTEM,PHE,2,2.15
1271,6.598653569477561,S,SYSTEM,PHE,2,2.15
1272,58.90486225480862,B,SYSTEM,PHE,1,2.35
1273,6.598653569477561,S,SYSTEM,PHE,1,2.15
1274,0.0,S,SYSTEM,PHE,1,2.15
1275,13.197307138955122,S,SYSTEM,PHE,1,2.15
1276,88.35729338221293,B,SYSTEM,PHE,2,2.35
1277,6.598653569477561,S,SYSTEM,PHE,2,2.15
1278,13.197307138955122,S,SYSTEM,PHE,2,2.15
1279,6.598653569477561,S,SYSTEM,PHE,2,2.15
1280,7.3631077818510775,B,SYSTEM,PHE,1,2.35
1281,0.0,S,SYSTEM,PHE,1,2.15
1282,6.598653569477561,S,SYSTEM,PHE,1,2.15
1283,6.598653569477561,S,SYSTEM,PHE,1,2.15
1284,44.178646691106465,B,SYSTEM,PHE,2,2.35
1285,13.197307138955122,S,SYSTEM,PHE,2,2.15
1286,65.9865356947756,S,SYSTEM,PHE,2,2.15
1287,19.795960708432684,S,SYSTEM,PHE,2,2.15
1288,22.089323345553233,B,SYSTEM,PHE,1,2.35
1289,6.598653569477561,S,SYSTEM,PHE,1,2.15
1290,0.0,S,SYSTEM,PHE,1,2.15
1291,13.197307138955122,S,SYSTEM,PHE,1,2.15
1292,14.726215563702155,B,SYSTEM,PHE,2,2.35
1293,0.0,S,SYSTEM,PHE,2,2.15
1294,32.9932678473878,S,SYSTEM,PHE,2,2.15
1295,26.394614277910243,S,SYSTEM,PHE,2,2.15
1296,80.99418560036185,B,SYSTEM,PHE,1,2.35
1297,6.598653569477561,S,SYSTEM,PHE,1,2.15
1298,79.18384283373074,S,SYSTEM,PHE,1,2.15
1299,19.795960708432684,S,SYSTEM,PHE,1,2.15
1300,29.45243112740431,B,SYSTEM,PHE,2,2.35
1301,6.598653569477561,S,SYSTEM,PHE,2,2.15
1302,13.197307138955122,S,SYSTEM,PHE,2,2.15
1303,26.394614277910243,S,SYSTEM,PHE,2,2.15
1304,73.63107781851076,B,SYSTEM,PHE,1,2.35
1305,26.394614277910243,S,SYSTEM,PHE,1,2.15
1306,79.18384283373074,S,SYSTEM,PHE,1,2.15
1307,26.394614277910243,S,SYSTEM,PHE,1,2.15
1308,51.54175447295754,B,SYSTEM,PHE,2,2.35
1309,0.0,S,SYSTEM,PHE,2,2.15
1310,39.59192141686537,S,SYSTEM,PHE,2,2.15
1311,13.197307138955122,S,SYSTEM,PHE,2,2.15
1312,36.81553890925538,B,SYSTEM,PHE,1,2.35
1313,0.0,S,SYSTEM,PHE,1,2.15
1314,0.0,S,SYSTEM,PHE,1,2.15
1315,0.0,S,SYSTEM,PHE,1,2.15
1316,22.089323345553233,B,SYSTEM,PHE,2,2.35
1317,0.0,S,SYSTEM,PHE,2,2.15
1318,0.0,S,SYSTEM,PHE,2,2.15
1319,0.0,S,SYSTEM,PHE,2,2.15
1320,7.3631077818510775,B,SYSTEM,PHE,1,2.35
1321,0.0,S,SYSTEM,PHE,1,2.15
1322,13.197307138955122,S,SYSTEM,PHE,1,2.15
1323,26.394614277910243,S,SYSTEM,PHE,1,2.15
1324,58.90486225480862,B,SYSTEM,PHE,2,2.35
1325,19.795960708432684,S,SYSTEM,PHE,2,2.15
1326,85.78249640320828,S,SYSTEM,PHE,2,2.15
1327,13.197307138955122,S,SYSTEM,PHE,2,2.15
1328,58.90486225480862,B,SYSTEM,PHE,1,2.35
1329,19.795960708432684,S,SYSTEM,PHE,1,2.15
1330,59.38788212529805,S,SYSTEM,PHE,1,2.15
1331,13.197307138955122,S,SYSTEM,PHE,1,2.15
1332,73.63107781851076,B,SYSTEM,PHE,2,2.35
1333,19.795960708432684,S,SYSTEM,PHE,2,2.15
1334,72.58518926425316,S,SYSTEM,PHE,2,2.15
1335,19.795960708432684,S,SYSTEM,PHE,2,2.15
1336,14.726215563702155,B,SYSTEM,PHE,1,2.35
1337,0.0,S,SYSTEM,PHE,1,2.15
1338,0.0,S,SYSTEM,PHE,1,2.15
1339,6.598653569477561,S,SYSTEM,PHE,1,2.15
1340,22.089323345553233,B,SYSTEM,PHE,2,2.35
1341,0.0,S,SYSTEM,PHE,2,2.15
1342,0.0,S,SYSTEM,PHE,2,2.15
1343,6.598653569477561,S,SYSTEM,PHE,2,2.15
1344,80.99418560036185,B,SYSTEM,PHE,1,2.35
1345,13.197307138955122,S,SYSTEM,PHE,1,2.15
1346,6.598653569477561,S,SYSTEM,PHE,1,2.15
1347,39.59192141686537,S,SYSTEM,PHE,1,2.15
1348,88.35729338221293,B,SYSTEM,PHE,2,2.35
1349,26.394614277910243,S,SYSTEM,PHE,2,2.15
1350,65.9865356947756,S,SYSTEM,PHE,2,2.15
1351,52.789228555820486,S,SYSTEM,PHE,2,2.15
1352,44.178646691106465,B,SYSTEM,PHE,1,2.35
1353,0.0,S,SYSTEM,PHE,1,2.15
1354,46.190574986342924,S,SYSTEM,PHE,1,2.15
1355,32.9932678473878,S,SYSTEM,PHE,1,2.15
1356,14.726215563702155,B,SYSTEM,PHE,2,2.35
1357,6.598653569477561,S,SYSTEM,PHE,2,2.15
1358,32.9932678473878,S,SYSTEM,PHE,2,2.15
1359,13.197307138955122,S,SYSTEM,PHE,2,2.15
1360,36.81553890925538,B,SYSTEM,PHE,1,2.35
1361,0.0,S,SYSTEM,PHE,1,2.15
1362,13.197307138955122,S,SYSTEM,PHE,1,2.15
1363,6.598653569477561,S,SYSTEM,PHE,1,2.15
1364,29.45243112740431,B,SYSTEM,PHE,2,2.35
1365,0.0,S,SYSTEM,PHE,2,2.15
1366,19.795960708432684,S,SYSTEM,PHE,2,2.15
1367,0.0,S,SYSTEM,PHE,2,2.15
1368,44.178646691106465,B,SYSTEM,PHE,1,2.35
1369,0.0,S,SYSTEM,PHE,1,2.15
1370,0.0,S,SYSTEM,PHE,1,2.15
1371,46.190574986342924,S,SYSTEM,PHE,1,2.15
1372,88.35729338221293,B,SYSTEM,PHE,2,2.35
1373,26.394614277910243,S,SYSTEM,PHE,2,2.15
1374,0.0,S,SYSTEM,PHE,2,2.15
1375,32.9932678473878,S,SYSTEM,PHE,2,2.15
1376,22.089323345553233,B,SYSTEM,PHE,1,2.35
1377,0.0,S,SYSTEM,PHE,1,2.15
1378,6.598653569477561,S,SYSTEM,PHE,1,2.15
1379,32.9932678473878,S,SYSTEM,PHE,1,2.15
1380,29.45243112740431,B,SYSTEM,PHE,2,2.35
1381,13.197307138955122,S,SYSTEM,PHE,2,2.15
1382,26.394614277910243,S,SYSTEM,PHE,2,2.15
1383,59.38788212529805,S,SYSTEM,PHE,2,2.15
1384,44.178646691106465,B,SYSTEM,PHE,1,2.35
1385,13.197307138955122,S,SYSTEM,PHE,1,2.15
1386,0.0,S,SYSTEM,PHE,1,2.15
1387,13.197307138955122,S,SYSTEM,PHE,1,2.15
1388,66.2679700366597,B,SYSTEM,PHE,2,2.35
1389,6.598653569477561,S,SYSTEM,PHE,2,2.15
1390,0.0,S,SYSTEM,PHE,2,2.15
1391,13.197307138955122,S,SYSTEM,PHE,2,2.15
1392,14.726215563702155,B,SYSTEM,PHE,1,2.35
1393,0.0,S,SYSTEM,PHE,1,2.15
1394,46.190574986342924,S,SYSTEM,PHE,1,2.15
1395,32.9932678473878,S,SYSTEM,PHE,1,2.15
1396,14.726215563702155,B,SYSTEM,PHE,2,2.35
1397,0.0,S,SYSTEM,PHE,2,2.15
1398,13.197307138955122,S,SYSTEM,PHE,2,2.15
1399,26.394614277910243,S,SYSTEM,PHE,2,2.15
1400,51.54175447295754,B,SYSTEM,PHE,1,2.35
1401,13.197307138955122,S,SYSTEM,PHE,1,2.15
1402,39.59192141686537,S,SYSTEM,PHE,1,2.15
1403,19.795960708432684,S,SYSTEM,PHE,1,2.15
1404,44.178646691106465,B,SYSTEM,PHE,2,2.35
1405,0.0,S,SYSTEM,PHE,2,2.15
1406,26.394614277910243,S,SYSTEM,PHE,2,2.15
1407,19.795960708432684,S,SYSTEM,PHE,2,2.15
1408,58.90486225480862,B,SYSTEM,PHE,1,2.35
1409,6.598653569477561,S,SYSTEM,PHE,1,2.15
1410,46.190574986342924,S,SYSTEM,PHE,1,2.15
1411,46.190574986342924,S,SYSTEM,PHE,1,2.15
1412,73.63107781851076,B,SYSTEM,PHE,2,2.35
1413,6.598653569477561,S,SYSTEM,PHE,2,2.15
1414,32.9932678473878,S,SYSTEM,PHE,2,2.15
1415,0.0,S,SYSTEM,PHE,2,2.15
1416,36.81553890925538,B,SYSTEM,PHE,1,2.35
1417,0.0,S,SYSTEM,PHE,1,2.15
1418,0.0,S,SYSTEM,PHE,1,2.15
1419,0.0,S,SYSTEM,PHE,1,2.15
1420,58.90486225480862,B,SYSTEM,PHE,2,2.35
1421,6.598653569477561,S,SYSTEM,PHE,2,2.15
1422,6.598653569477561,S,SYSTEM,PHE,2,2.15
1423,0.0,S,SYSTEM,PHE,2,2.15
1424,0.0,B,SYSTEM,PHE,1,2.35
1425,0.0,S,SYSTEM,PHE,1,2.15
1426,0.0,S,SYSTEM,PHE,1,2.15
1427,0.0,S,SYSTEM,PHE,1,2.15
1428,73.63107781851076,B,SYSTEM,PHE,2,2.35
1429,6.598653569477561,S,SYSTEM,PHE,2,2.15
1430,13.197307138955122,S,SYSTEM,PHE,2,2.15
1431,26.394614277910243,S,SYSTEM,PHE,2,2.15
1432,44.178646691106465,B,SYSTEM,PHE,1,2.35
1433,6.598653569477561,S,SYSTEM,PHE,1,2.15
1434,13.197307138955122,S,SYSTEM,PHE,1,2.15
1435,26.394614277910243,S,SYSTEM,PHE,1,2.15
1436,51.54175447295754,B,SYSTEM,PHE,2,2.35
1437,0.0,S,SYSTEM,PHE,2,2.15
1438,32.9932678473878,S,SYSTEM,PHE,2,2.15
1439,39.59192141686537,S,SYSTEM,PHE,2,2.15
1440,36.81553890925538,B,SYSTEM,PHE,1,2.35
1441,0.0,S,SYSTEM,PHE,1,2.15
1442,0.0,S,SYSTEM,PHE,1,2.15
1443,6.598653569477561,S,SYSTEM,PHE,1,2.15
1444,44.178646691106465,B,SYSTEM,PHE,2,2.35
1445,0.0,S,SYSTEM,PHE,2,2.15
1446,6.598653569477561,S,SYSTEM,PHE,2,2.15
1447,0.0,S,SYSTEM,PHE,2,2.15
1448,58.90486225480862,B,SYSTEM,PHE,1,2.35
1449,26.394614277910243,S,SYSTEM,PHE,1,2.15
1450,46.190574986342924,S,SYSTEM,PHE,1,2.15
1451,79.18384283373074,S,SYSTEM,PHE,1,2.15
1452,88.35729338221293,B,SYSTEM,PHE,2,2.35
1453,19.795960708432684,S,SYSTEM,PHE,2,2.15
1454,6.598653569477561,S,SYSTEM,PHE,2,2.15
1455,39.59192141686537,S,SYSTEM,PHE,2,2.15
1456,22.089323345553233,B,SYSTEM,PHE,1,2.35
1457,0.0,S,SYSTEM,PHE,1,2.15
1458,0.0,S,SYSTEM,PHE,1,2.15
1459,0.0,S,SYSTEM,PHE,1,2.15
1460,22.089323345553233,B,SYSTEM,PHE,2,2.35
1461,0.0,S,SYSTEM,PHE,2,2.15
1462,19.795960708432684,S,SYSTEM,PHE,2,2.15
1463,0.0,S,SYSTEM,PHE,2,2.15
1464,22.089323345553233,B,SYSTEM,PHE,1,2.35
1465,0.0,S,SYSTEM,PHE,1,2.15
1466,0.0,S,SYSTEM,PHE,1,2.15
1467,0.0,S,SYSTEM,PHE,1,2.15
1468,51.54175447295754,B,SYSTEM,PHE,2,2.35
1469,6.598653569477561,S,SYSTEM,PHE,2,2.15
1470,0.0,S,SYSTEM,PHE,2,2.15
1471,13.197307138955122,S,SYSTEM,PHE,2,2.15
1472,14.726215563702155,B,SYSTEM,PHE,1,2.35
1473,0.0,S,SYSTEM,PHE,1,2.15
1474,32.9932678473878,S,SYSTEM,PHE,1,2.15
1475,39.59192141686537,S,SYSTEM,PHE,1,2.15
1476,36.81553890925538,B,SYSTEM,PHE,2,2.35
1477,6.598653569477561,S,SYSTEM,PHE,2,2.15
1478,32.9932678473878,S,SYSTEM,PHE,2,2.15
1479,32.9932678473878,S,SYSTEM,PHE,2,2.15
1480,58.90486225480862,B,SYSTEM,PHE,1,2.35
1481,13.197307138955122,S,SYSTEM,PHE,1,2.15
1482,52.789228555820486,S,SYSTEM,PHE,1,2.15
1483,0.0,S,SYSTEM,PHE,1,2.15
1484,7.3631077818510775,B,SYSTEM,PHE,2,2.35
1485,0.0,S,SYSTEM,PHE,2,2.15
1486,32.9932678473878,S,SYSTEM,PHE,2,2.15
1487,0.0,S,SYSTEM,PHE,2,2.15
1488,29.45243112740431,B,SYSTEM,PHE,1,2.35
1489,0.0,S,SYSTEM,PHE,1,2.15
1490,19.795960708432684,S,SYSTEM,PHE,1,2.15
1491,13.197307138955122,S,SYSTEM,PHE,1,2.15
1492,14.726215563702155,B,SYSTEM,PHE,2,2.35
1493,0.0,S,SYSTEM,PHE,2,2.15
1494,0.0,S,SYSTEM,PHE,2,2.15
1495,6.598653569477561,S,SYSTEM,PHE,2,2.15
1496,66.2679700366597,B,SYSTEM,PHE,1,2.35
1497,13.197307138955122,S,SYSTEM,PHE,1,2.15
1498,6.598653569477561,S,SYSTEM,PHE,1,2.15
1499,65.9865356947756,S,SYSTEM,PHE,1,2.15
1500,66.2679700366597,B,SYSTEM,PHE,2,2.35
1501,0.0,S,SYSTEM,PHE,2,2.15
1502,0.0,S,SYSTEM,PHE,2,2.15
1503,0.0,S,SYSTEM,PHE,2,2.15
1504,29.45243112740431,B,SYSTEM,PHE,1,2.35
1505,13.197307138955122,S,SYSTEM,PHE,1,2.15
1506,72.58518926425316,S,SYSTEM,PHE,1,2.15
1507,32.9932678473878,S,SYSTEM,PHE,1,2.15
1508,7.3631077818510775,B,SYSTEM,PHE,2,2.35
1509,0.0,S,SYSTEM,PHE,2,2.15
1510,0.0,S,SYSTEM,PHE,2,2.15
1511,0.0,S,SYSTEM,PHE,2,2.15
1512,66.2679700366597,B,SYSTEM,PHE,1,2.35
1513,19.795960708432684,S,SYSTEM,PHE,1,2.15
1514,85.78249640320828,S,SYSTEM,PHE,1,2.15
1515,39.59192141686537,S,SYSTEM,PHE,1,2.15
1516,73.63107781851076,B,SYSTEM,PHE,2,2.35
1517,19.795960708432684,S,SYSTEM,PHE,2,2.15
1518,13.197307138955122,S,SYSTEM,PHE,2,2.15
1519,72.58518926425316,S,SYSTEM,PHE,2,2.15
1520,29.45243112740431,B,SYSTEM,PHE,1,2.35
1521,0.0,S,SYSTEM,PHE,1,2.15
1522,0.0,S,SYSTEM,PHE,1,2.15
1523,0.0,S,SYSTEM,PHE,1,2.15
1524,14.726215563702155,B,SYSTEM,PHE,2,2.35
1525,0.0,S,SYSTEM,PHE,2,2.15
1526,0.0,S,SYSTEM,PHE,2,2.15
1527,0.0,S,SYSTEM,PHE,2,2.15
1528,66.2679700366597,B,SYSTEM,PHE,1,2.35
1529,26.394614277910243,S,SYSTEM,PHE,1,2.15
1530,52.789228555820486,S,SYSTEM,PHE,1,2.15
1531,0.0,S,SYSTEM,PHE,1,2.15
1532,66.2679700366597,B,SYSTEM,PHE,2,2.35
1533,0.0,S,SYSTEM,PHE,2,2.15
1534,0.0,S,SYSTEM,PHE,2,2.15
1535,0.0,S,SYSTEM,PHE,2,2.15
1536,44.178646691106465,B,SYSTEM,PHE,1,2.35
1537,6.598653569477561,S,SYSTEM,PHE,1,2.15
1538,39.59192141686537,S,SYSTEM,PHE,1,2.15
1539,13.197307138955122,S,SYSTEM,PHE,1,2.15
1540,58.90486225480862,B,SYSTEM,PHE,2,2.35
1541,0.0,S,SYSTEM,PHE,2,2.15
1542,13.197307138955122,S,SYSTEM,PHE,2,2.15
1543,19.795960708432684,S,SYSTEM,PHE,2,2.15
1544,44.178646691106465,B,SYSTEM,PHE,1,2.35
1545,0.0,S,SYSTEM,PHE,1,2.15
1546,39.59192141686537,S,SYSTEM,PHE,1,2.15
1547,6.598653569477561,S,SYSTEM,PHE,1,2.15
1548,44.178646691106465,B,SYSTEM,PHE,2,2.35
1549,0.0,S,SYSTEM,PHE,2,2.15
1550,19.795960708432684,S,SYSTEM,PHE,2,2.15
1551,26.394614277910243,S,SYSTEM,PHE,2,2.15
1552,7.3631077818510775,B,SYSTEM,PHE,1,2.35
1553,0.0,S,SYSTEM,PHE,1,2.15
1554,0.0,S,SYSTEM,PHE,1,2.15
1555,0.0,S,SYSTEM,PHE,1,2.15
1556,29.45243112740431,B,SYSTEM,PHE,2,2.35
1557,0.0,S,SYSTEM,PHE,2,2.15
1558,13.197307138955122,S,SYSTEM,PHE,2,2.15
1559,39.59192141686537,S,SYSTEM,PHE,2,2.15
1560,22.089323345553233,B,SYSTEM,PHE,1,2.35
1561,0.0,S,SYSTEM,PHE,1,2.15
1562,19.795960708432684,S,SYSTEM,PHE,1,2.15
1563,6.598653569477561,S,SYSTEM,PHE,1,2.15
1564,44.178646691106465,B,SYSTEM,PHE,2,2.35
1565,0.0,S,SYSTEM,PHE,2,2.15
1566,13.197307138955122,S,SYSTEM,PHE,2,2.15
1567,13.197307138955122,S,SYSTEM,PHE,2,2.15
1568,36.81553890925538,B,SYSTEM,PHE,1,2.35
1569,0.0,S,SYSTEM,PHE,1,2.15
1570,0.0,S,SYSTEM,PHE,1,2.15
1571,19.795960708432684,S,SYSTEM,PHE,1,2.15
1572,44.178646691106465,B,SYSTEM,PHE,2,2.35
1573,13.197307138955122,S,SYSTEM,PHE,2,2.15
1574,0.0,S,SYSTEM,PHE,2,2.15
1575,0.0,S,SYSTEM,PHE,2,2.15
1576,73.63107781851076,B,SYSTEM,PHE,1,2.35
1577,19.795960708432684,S,SYSTEM,PHE,1,2.15
1578,39.59192141686537,S,SYSTEM,PHE,1,2.15
1579,19.795960708432684,S,SYSTEM,PHE,1,2.15
1580,51.54175447295754,B,SYSTEM,PHE,2,2.35
1581,13.197307138955122,S,SYSTEM,PHE,2,2.15
1582,0.0,S,SYSTEM,PHE,2,2.15
1583,39.59192141686537,S,SYSTEM,PHE,2,2.15
1584,73.63107781851076,B,SYSTEM,PHE,1,2.35
1585,6.598653569477561,S,SYSTEM,PHE,1,2.15
1586,6.598653569477561,S,SYSTEM,PHE,1,2.15
1587,19.795960708432684,S,SYSTEM,PHE,1,2.15
1588,36.81553890925538,B,SYSTEM,PHE,2,2.35
1589,0.0,S,SYSTEM,PHE,2,2.15
1590,6.598653569477561,S,SYSTEM,PHE,2,2.15
1591,0.0,S,SYSTEM,PHE,2,2.15
1592,58.90486225480862,B,SYSTEM,PHE,1,2.35
1593,19.795960708432684,S,SYSTEM,PHE,1,2.15
1594,59.38788212529805,S,SYSTEM,PHE,1,2.15
1595,46.190574986342924,S,SYSTEM,PHE,1,2.15
1596,51.54175447295754,B,SYSTEM,PHE,2,2.35
1597,6.598653569477561,S,SYSTEM,PHE,2,2.15
1598,39.59192141686537,S,SYSTEM,PHE,2,2.15
1599,39.59192141686537,S,SYSTEM,PHE,2,2.15
1600,36.81553890925538,B,SYSTEM,PHE,1,2.35
1601,6.598653569477561,S,SYSTEM,PHE,1,2.15
1602,26.394614277910243,S,SYSTEM,PHE,1,2.15
1603,32.9932678473878,S,SYSTEM,PHE,1,2.15
1604,58.90486225480862,B,SYSTEM,PHE,2,2.35
1605,6.598653569477561,S,SYSTEM,PHE,2,2.15
1606,13.197307138955122,S,SYSTEM,PHE,2,2.15
1607,46.190574986342924,S,SYSTEM,PHE,2,2.15
1608,73.63107781851076,B,SYSTEM,PHE,1,2.35
1609,13.197307138955122,S,SYSTEM,PHE,1,2.15
1610,19.795960708432684,S,SYSTEM,PHE,1,2.15
1611,6.598653569477561,S,SYSTEM,PHE,1,2.15
1612,58.90486225480862,B,SYSTEM,PHE,2,2.35
1613,0.0,S,SYSTEM,PHE,2,2.15
1614,13.197307138955122,S,SYSTEM,PHE,2,2.15
1615,13.197307138955122,S,SYSTEM,PHE,2,2.15
1616,22.089323345553233,B,SYSTEM,PHE,1,2.35
1617,0.0,S,SYSTEM,PHE,1,2.15
1618,0.0,S,SYSTEM,PHE,1,2.15
1619,0.0,S,SYSTEM,PHE,1,2.15
1620,44.178646691106465,B,SYSTEM,PHE,2,2.35
1621,6.598653569477561,S,SYSTEM,PHE,2,2.15
1622,19.795960708432684,S,SYSTEM,PHE,2,2.15
1623,0.0,S,SYSTEM,PHE,2,2.15
1624,73.63107781851076,B,SYSTEM,PHE,1,2.35
1625,0.0,S,SYSTEM,PHE,1,2.15
1626,0.0,S,SYSTEM,PHE,1,2.15
1627,0.0,S,SYSTEM,PHE,1,2.15
1628,29.45243112740431,B,SYSTEM,PHE,2,2.35
1629,0.0,S,SYSTEM,PHE,2,2.15
1630,0.0,S,SYSTEM,PHE,2,2.15
1631,0.0,S,SYSTEM,PHE,2,2.15
1632,14.726215563702155,B,SYSTEM,PHE,1,2.35
1633,13.197307138955122,S,SYSTEM,PHE,1,2.15
1634,0.0,S,SYSTEM,PHE,1,2.15
1635,13.197307138955122,S,SYSTEM,PHE,1,2.15
1636,66.2679700366597,B,SYSTEM,PHE,2,2.35
1637,6.598653569477561,S,SYSTEM,PHE,2,2.15
1638,32.9932678473878,S,SYSTEM,PHE,2,2.15
1639,6.598653569477561,S,SYSTEM,PHE,2,2.15
1640,29.45243112740431,B,SYSTEM,PHE,1,2.35
1641,0.0,S,SYSTEM,PHE,1,2.15
1642,13.197307138955122,S,SYSTEM,PHE,1,2.15
1643,13.197307138955122,S,SYSTEM,PHE,1,2.15
1644,51.54175447295754,B,SYSTEM,PHE,2,2.35
1645,0.0,S,SYSTEM,PHE,2,2.15
1646,0.0,S,SYSTEM,PHE,2,2.15
1647,13.197307138955122,S,SYSTEM,PHE,2,2.15
1648,80.99418560036185,B,SYSTEM,PHE,1,2.35
1649,13.197307138955122,S,SYSTEM,PHE,1,2.15
1650,19.795960708432684,S,SYSTEM,PHE,1,2.15
1651,0.0,S,SYSTEM,PHE,1,2.15
1652,58.90486225480862,B,SYSTEM,PHE,2,2.35
1653,26.394614277910243,S,SYSTEM,PHE,2,2.15
1654,32.9932678473878,S,SYSTEM,PHE,2,2.15
1655,0.0,S,SYSTEM,PHE,2,2.15
1656,44.178646691106465,B,SYSTEM,PHE,1,2.35
1657,6.598653569477561,S,SYSTEM,PHE,1,2.15
1658,26.394614277910243,S,SYSTEM,PHE,1,2.15
1659,0.0,S,SYSTEM,PHE,1,2.15
1660,44.178646691106465,B,SYSTEM,PHE,2,2.35
1661,26.394614277910243,S,SYSTEM,PHE,2,2.15
1662,13.197307138955122,S,SYSTEM,PHE,2,2.15
1663,52.789228555820486,S,SYSTEM,PHE,2,2.15
1664,29.45243112740431,B,SYSTEM,PHE,1,2.35
1665,0.0,S,SYSTEM,PHE,1,2.15
1666,6.598653569477561,S,SYSTEM,PHE,1,2.15
1667,39.59192141686537,S,SYSTEM,PHE,1,2.15
1668,44.178646691106465,B,SYSTEM,PHE,2,2.35
1669,0.0,S,SYSTEM,PHE,2,2.15
1670,6.598653569477561,S,SYSTEM,PHE,2,2.15
1671,0.0,S,SYSTEM,PHE,2,2.15
1672,44.178646691106465,B,SYSTEM,PHE,1,2.35
1673,0.0,S,SYSTEM,PHE,1,2.15
1674,0.0,S,SYSTEM,PHE,1,2.15
1675,0.0,S,SYSTEM,PHE,1,2.15
1676,29.45243112740431,B,SYSTEM,PHE,2,2.35
1677,0.0,S,SYSTEM,PHE,2,2.15
1678,0.0,S,SYSTEM,PHE,2,2.15
1679,0.0,S,SYSTEM,PHE,2,2.15
1680,73.63107781851076,B,SYSTEM,PHE,1,2.35
1681,26.394614277910243,S,SYSTEM,PHE,1,2.15
1682,0.0,S,SYSTEM,PHE,1,2.15
1683,39.59192141686537,S,SYSTEM,PHE,1,2.15
1684,29.45243112740431,B,SYSTEM,PHE,2,2.35
1685,13.197307138955122,S,SYSTEM,PHE,2,2.15
1686,0.0,S,SYSTEM,PHE,2,2.15
1687,6.598653569477561,S,SYSTEM,PHE,2,2.15
1688,44.178646691106465,B,SYSTEM,PHE,1,2.35
1689,0.0,S,SYSTEM,PHE,1,2.15
1690,0.0,S,SYSTEM,PHE,1,2.15
1691,0.0,S,SYSTEM,PHE,1,2.15
1692,22.089323345553233,B,SYSTEM,PHE,2,2.35
1693,0.0,S,SYSTEM,PHE,2,2.15
1694,0.0,S,SYSTEM,PHE,2,2.15
1695,0.0,S,SYSTEM,PHE,2,2.15
1696,22.089323345553233,B,SYSTEM,PHE,1,2.35
1697,0.0,S,SYSTEM,PHE,1,2.15
1698,13.197307138955122,S,SYSTEM,PHE,1,2.15
1699,26.394614277910243,S,SYSTEM,PHE,1,2.15
1700,44.178646691106465,B,SYSTEM,PHE,2,2.35
1701,6.598653569477561,S,SYSTEM,PHE,2,2.15
1702,19.795960708432684,S,SYSTEM,PHE,2,2.15
1703,6.598653569477561,S,SYSTEM,PHE,2,2.15
1704,51.54175447295754,B,SYSTEM,PHE,1,2.35
1705,6.598653569477561,S,SYSTEM,PHE,1,2.15
1706,19.795960708432684,S,SYSTEM,PHE,1,2.15
1707,19.795960708432684,S,SYSTEM,PHE,1,2.15
1708,36.81553890925538,B,SYSTEM,PHE,2,2.35
1709,0.0,S,SYSTEM,PHE,2,2.15
1710,32.9932678473878,S,SYSTEM,PHE,2,2.15
1711,13.197307138955122,S,SYSTEM,PHE,2,2.15
1712,44.178646691106465,B,SYSTEM,PHE,1,2.35
1713,6.598653569477561,S,SYSTEM,PHE,1,2.15
1714,6.598653569477561,S,SYSTEM,PHE,1,2.15
1715,0.0,S,SYSTEM,PHE,1,2.15
1716,29.45243112740431,B,SYSTEM,PHE,2,2.35
1717,0.0,S,SYSTEM,PHE,2,2.15
1718,0.0,S,SYSTEM,PHE,2,2.15
1719,0.0,S,SYSTEM,PHE,2,2.15
1720,36.81553890925538,B,SYSTEM,PHE,1,2.35
1721,0.0,S,SYSTEM,PHE,1,2.15
1722,0.0,S,SYSTEM,PHE,1,2.15
1723,46.190574986342924,S,SYSTEM,PHE,1,2.15
1724,29.45243112740431,B,SYSTEM,PHE,2,2.35
1725,6.598653569477561,S,SYSTEM,PHE,2,2.15
1726,26.394614277910243,S,SYSTEM,PHE,2,2.15
1727,6.598653569477561,S,SYSTEM,PHE,2,2.15
1728,44.178646691106465,B,SYSTEM,PHE,1,2.35
1729,13.197307138955122,S,SYSTEM,PHE,1,2.15
1730,72.58518926425316,S,SYSTEM,PHE,1,2.15
1731,6.598653569477561,S,SYSTEM,PHE,1,2.15
1732,7.3631077818510775,B,SYSTEM,PHE,2,2.35
1733,6.598653569477561,S,SYSTEM,PHE,2,2.15
1734,32.9932678473878,S,SYSTEM,PHE,2,2.15
1735,0.0,S,SYSTEM,PHE,2,2.15
1736,29.45243112740431,B,SYSTEM,PHE,1,2.35
1737,0.0,S,SYSTEM,PHE,1,2.15
1738,0.0,S,SYSTEM,PHE,1,2.15
1739,0.0,S,SYSTEM,PHE,1,2.15
1740,7.3631077818510775,B,SYSTEM,PHE,2,2.35
1741,0.0,S,SYSTEM,PHE,2,2.15
1742,0.0,S,SYSTEM,PHE,2,2.15
1743,0.0,S,SYSTEM,PHE,2,2.15
1744,44.178646691106465,B,SYSTEM,PHE,1,2.35
1745,0.0,S,SYSTEM,PHE,1,2.15
1746,0.0,S,SYSTEM,PHE,1,2.15
1747,0.0,S,SYSTEM,PHE,1,2.15
1748,36.81553890925538,B,SYSTEM,PHE,2,2.35
1749,13.197307138955122,S,SYSTEM,PHE,2,2.15
1750,52.789228555820486,S,SYSTEM,PHE,2,2.15
1751,59.38788212529805,S,SYSTEM,PHE,2,2.15
1752,36.81553890925538,B,SYSTEM,PHE,1,2.35
1753,0.0,S,SYSTEM,PHE,1,2.15
1754,19.795960708432684,S,SYSTEM,PHE,1,2.15
1755,0.0,S,SYSTEM,PHE,1,2.15
1756,66.2679700366597,B,SYSTEM,PHE,2,2.35
1757,13.197307138955122,S,SYSTEM,PHE,2,2.15
1758,52.789228555820486,S,SYSTEM,PHE,2,2.15
1759,6.598653569477561,S,SYSTEM,PHE,2,2.15
1760,22.089323345553233,B,SYSTEM,PHE,1,2.35
1761,0.0,S,SYSTEM,PHE,1,2.15
1762,0.0,S,SYSTEM,PHE,1,2.15
1763,0.0,S,SYSTEM,PHE,1,2.15
1764,44.178646691106465,B,SYSTEM,PHE,2,2.35
1765,13.197307138955122,S,SYSTEM,PHE,2,2.15
1766,39.59192141686537,S,SYSTEM,PHE,2,2.15
1767,26.394614277910243,S,SYSTEM,PHE,2,2.15
1768,22.089323345553233,B,SYSTEM,PHE,1,2.35
1769,0.0,S,SYSTEM,PHE,1,2.15
1770,0.0,S,SYSTEM,PHE,1,2.15
1771,6.598653569477561,S,SYSTEM,PHE,1,2.15
1772,22.089323345553233,B,SYSTEM,PHE,2,2.35
1773,0.0,S,SYSTEM,PHE,2,2.15
1774,13.197307138955122,S,SYSTEM,PHE,2,2.15
1775,19.795960708432684,S,SYSTEM,PHE,2,2.15
1776,29.45243112740431,B,SYSTEM,PHE,1,2.35
1777,13.197307138955122,S,SYSTEM,PHE,1,2.15
1778,26.394614277910243,S,SYSTEM,PHE,1,2.15
1779,39.59192141686537,S,SYSTEM,PHE,1,2.15
1780,51.54175447295754,B,SYSTEM,PHE,2,2.35
1781,26.394614277910243,S,SYSTEM,PHE,2,2.15
1782,85.78249640320828,S,SYSTEM,PHE,2,2.15
1783,52.789228555820486,S,SYSTEM,PHE,2,2.15
1784,7.3631077818510775,B,SYSTEM,PHE,1,2.35
1785,0.0,S,SYSTEM,PHE,1,2.15
1786,0.0,S,SYSTEM,PHE,1,2.15
1787,6.598653569477561,S,SYSTEM,PHE,1,2.15
1788,44.178646691106465,B,SYSTEM,PHE,2,2.35
1789,19.795960708432684,S,SYSTEM,PHE,2,2.15
1790,0.0,S,SYSTEM,PHE,2,2.15
1791,6.598653569477561,S,SYSTEM,PHE,2,2.15
1792,73.63107781851076,B,SYSTEM,PHE,1,2.35
1793,26.394614277910243,S,SYSTEM,PHE,1,2.15
1794,79.18384283373074,S,SYSTEM,PHE,1,2.15
1795,26.394614277910243,S,SYSTEM,PHE,1,2.15
1796,51.54175447295754,B,SYSTEM,PHE,2,2.35
1797,6.598653569477561,S,SYSTEM,PHE,2,2.15
1798,13.197307138955122,S,SYSTEM,PHE,2,2.15
1799,32.9932678473878,S,SYSTEM,PHE,2,2.15
1800,7.3631077818510775,B,SYSTEM,PHE,1,2.35
1801,0.0,S,SYSTEM,PHE,1,2.15
1802,0.0,S,SYSTEM,PHE,1,2.15
1803,0.0,S,SYSTEM,PHE,1,2.15
1804,36.81553890925538,B,SYSTEM,PHE,2,2.35
1805,0.0,S,SYSTEM,PHE,2,2.15
1806,32.9932678473878,S,SYSTEM,PHE,2,2.15
1807,0.0,S,SYSTEM,PHE,2,2.15
1808,22.089323345553233,B,SYSTEM,PHE,1,2.35
1809,0.0,S,SYSTEM,PHE,1,2.15
1810,32.9932678473878,S,SYSTEM,PHE,1,2.15
1811,32.9932678473878,S,SYSTEM,PHE,1,2.15
1812,58.90486225480862,B,SYSTEM,PHE,2,2.35
1813,13.197307138955122,S,SYSTEM,PHE,2,2.15
1814,19.795960708432684,S,SYSTEM,PHE,2,2.15
1815,59.38788212529805,S,SYSTEM,PHE,2,2.15
1816,66.2679700366597,B,SYSTEM,PHE,1,2.35
1817,26.394614277910243,S,SYSTEM,PHE,1,2.15
1818,59.38788212529805,S,SYSTEM,PHE,1,2.15
1819,26.394614277910243,S,SYSTEM,PHE,1,2.15
1820,51.54175447295754,B,SYSTEM,PHE,2,2.35
1821,6.598653569477561,S,SYSTEM,PHE,2,2.15
1822,46.190574986342924,S,SYSTEM,PHE,2,2.15
1823,13.197307138955122,S,SYSTEM,PHE,2,2.15
1824,66.2679700366597,B,SYSTEM,PHE,1,2.35
1825,0.0,S,SYSTEM,PHE,1,2.15
1826,52.789228555820486,S,SYSTEM,PHE,1,2.15
1827,13.197307138955122,S,SYSTEM,PHE,1,2.15
1828,44.178646691106465,B,SYSTEM,PHE,2,2.35
1829,6.598653569477561,S,SYSTEM,PHE,2,2.15
1830,0.0,S,SYSTEM,PHE,2,2.15
1831,6.598653569477561,S,SYSTEM,PHE,2,2.15
1832,51.54175447295754,B,SYSTEM,PHE,1,2.35
1833,0.0,S,SYSTEM,PHE,1,2.15
1834,0.0,S,SYSTEM,PHE,1,2.15
1835,13.197307138955122,S,SYSTEM,PHE,1,2.15
1836,58.90486225480862,B,SYSTEM,PHE,2,2.35
1837,6.598653569477561,S,SYSTEM,PHE,2,2.15
1838,13.197307138955122,S,SYSTEM,PHE,2,2.15
1839,6.598653569477561,S,SYSTEM,PHE,2,2.15
1840,44.178646691106465,B,SYSTEM,PHE,1,2.35
1841,6.598653569477561,S,SYSTEM,PHE,1,2.15
1842,0.0,S,SYSTEM,PHE,1,2.15
1843,0.0,S,SYSTEM,PHE,1,2.15
1844,36.81553890925538,B,SYSTEM,PHE,2,2.35
1845,0.0,S,SYSTEM,PHE,2,2.15
1846,0.0,S,SYSTEM,PHE,2,2.15
1847,13.197307138955122,S,SYSTEM,PHE,2,2.15
1848,36.81553890925538,B,SYSTEM,PHE,1,2.35
1849,0.0,S,SYSTEM,PHE,1,2.15
1850,0.0,S,SYSTEM,PHE,1,2.15
1851,0.0,S,SYSTEM,PHE,1,2.15
1852,80.99418560036185,B,SYSTEM,PHE,2,2.35
1853,26.394614277910243,S,SYSTEM,PHE,2,2.15
1854,32.9932678473878,S,SYSTEM,PHE,2,2.15
1855,59.38788212529805,S,SYSTEM,PHE,2,2.15
1856,73.63107781851076,B,SYSTEM,PHE,1,2.35
1857,6.598653569477561,S,SYSTEM,PHE,1,2.15
1858,6.598653569477561,S,SYSTEM,PHE,1,2.15
1859,6.598653569477561,S,SYSTEM,PHE,1,2.15
1860,51.54175447295754,B,SYSTEM,PHE,2,2.35
1861,6.598653569477561,S,SYSTEM,PHE,2,2.15
1862,13.197307138955122,S,SYSTEM,PHE,2,2.15
1863,32.9932678473878,S,SYSTEM,PHE,2,2.15
1864,22.089323345553233,B,SYSTEM,PHE,1,2.35
1865,0.0,S,SYSTEM,PHE,1,2.15
1866,19.795960708432684,S,SYSTEM,PHE,1,2.15
1867,6.598653569477561,S,SYSTEM,PHE,1,2.15
1868,44.178646691106465,B,SYSTEM,PHE,2,2.35
1869,6.598653569477561,S,SYSTEM,PHE,2,2.15
1870,19.795960708432684,S,SYSTEM,PHE,2,2.15
1871,19.795960708432684,S,SYSTEM,PHE,2,2.15
1872,14.726215563702155,B,SYSTEM,PHE,1,2.35
1873,6.598653569477561,S,SYSTEM,PHE,1,2.15
1874,0.0,S,SYSTEM,PHE,1,2.15
1875,0.0,S,SYSTEM,PHE,1,2.15
1876,0.0,B,SYSTEM,PHE,2,2.35
1877,0.0,S,SYSTEM,PHE,2,2.15
1878,0.0,S,SYSTEM,PHE,2,2.15
1879,6.598653569477561,S,SYSTEM,PHE,2,2.15
1880,44.178646691106465,B,SYSTEM,PHE,1,2.35
1881,0.0,S,SYSTEM,PHE,1,2.15
1882,19.795960708432684,S,SYSTEM,PHE,1,2.15
1883,13.197307138955122,S,SYSTEM,PHE,1,2.15
1884,22.089323345553233,B,SYSTEM,PHE,2,2.35
1885,0.0,S,SYSTEM,PHE,2,2.15
1886,6.598653569477561,S,SYSTEM,PHE,2,2.15
1887,26.394614277910243,S,SYSTEM,PHE,2,2.15
1888,29.45243112740431,B,SYSTEM,PHE,1,2.35
1889,13.197307138955122,S,SYSTEM,PHE,1,2.15
1890,26.394614277910243,S,SYSTEM,PHE,1,2.15
1891,0.0,S,SYSTEM,PHE,1,2.15
1892,44.178646691106465,B,SYSTEM,PHE,2,2.35
1893,0.0,S,SYSTEM,PHE,2,2.15
1894,0.0,S,SYSTEM,PHE,2,2.15
1895,0.0,S,SYSTEM,PHE,2,2.15
1896,36.81553890925538,B,SYSTEM,PHE,1,2.35
1897,6.598653569477561,S,SYSTEM,PHE,1,2.15
1898,19.795960708432684,S,SYSTEM,PHE,1,2.15
1899,26.394614277910243,S,SYSTEM,PHE,1,2.15
1900,66.2679700366597,B,SYSTEM,PHE,2,2.35
1901,6.598653569477561,S,SYSTEM,PHE,2,2.15
1902,19.795960708432684,S,SYSTEM,PHE,2,2.15
1903,13.197307138955122,S,SYSTEM,PHE,2,2.15
1904,66.2679700366597,B,SYSTEM,PHE,1,2.35
1905,6.598653569477561,S,SYSTEM,PHE,1,2.15
1906,39.59192141686537,S,SYSTEM,PHE,1,2.15
1907,46.190574986342924,S,SYSTEM,PHE,1,2.15
1908,51.54175447295754,B,SYSTEM,PHE,2,2.35
1909,26.394614277910243,S,SYSTEM,PHE,2,2.15
1910,52.789228555820486,S,SYSTEM,PHE,2,2.15
1911,65.9865356947756,S,SYSTEM,PHE,2,2.15
1912,22.089323345553233,B,SYSTEM,PHE,1,2.35
1913,0.0,S,SYSTEM,PHE,1,2.15
1914,0.0,S,SYSTEM,PHE,1,2.15
1915,6.598653569477561,S,SYSTEM,PHE,1,2.15
1916,14.726215563702155,B,SYSTEM,PHE,2,2.35
1917,0.0,S,SYSTEM,PHE,2,2.15
1918,0.0,S,SYSTEM,PHE,2,2.15
1919,0.0,S,SYSTEM,PHE,2,2.15
1920,73.63107781851076,B,SYSTEM,PHE,1,2.35
1921,6.598653569477561,S,SYSTEM,PHE,1,2.15
1922,46.190574986342924,S,SYSTEM,PHE,1,2.15
1923,13.197307138955122,S,SYSTEM,PHE,1,2.15
1924,14.726215563702155,B,SYSTEM,PHE,2,2.35
1925,6.598653569477561,S,SYSTEM,PHE,2,2.15
1926,0.0,S,SYSTEM,PHE,2,2.15
1927,0.0,S,SYSTEM,PHE,2,2.15
1928,58.90486225480862,B,SYSTEM,PHE,1,2.35
1929,13.197307138955122,S,SYSTEM,PHE,1,2.15
1930,32.9932678473878,S,SYSTEM,PHE,1,2.15
1931,52.789228555820486,S,SYSTEM,PHE,1,2.15
1932,58.90486225480862,B,SYSTEM,PHE,2,2.35
1933,13.197307138955122,S,SYSTEM,PHE,2,2.15
1934,13.197307138955122,S,SYSTEM,PHE,2,2.15
1935,46.190574986342924,S,SYSTEM,PHE,2,2.15
1936,66.2679700366597,B,SYSTEM,PHE,1,2.35
1937,13.197307138955122,S,SYSTEM,PHE,1,2.15
1938,13.197307138955122,S,SYSTEM,PHE,1,2.15
1939,13.197307138955122,S,SYSTEM,PHE,1,2.15
1940,66.2679700366597,B,SYSTEM,PHE,2,2.35
1941,13.197307138955122,S,SYSTEM,PHE,2,2.15
1942,32.9932678473878,S,SYSTEM,PHE,2,2.15
1943,6.598653569477561,S,SYSTEM,PHE,2,2.15
1944,36.81553890925538,B,SYSTEM,PHE,1,2.35
1945,0.0,S,SYSTEM,PHE,1,2.15
1946,0.0,S,SYSTEM,PHE,1,2.15
1947,26.394614277910243,S,SYSTEM,PHE,1,2.15
1948,66.2679700366597,B,SYSTEM,PHE,2,2.35
1949,26.394614277910243,S,SYSTEM,PHE,2,2.15
1950,32.9932678473878,S,SYSTEM,PHE,2,2.15
1951,26.394614277910243,S,SYSTEM,PHE,2,2.15
1952,44.178646691106465,B,SYSTEM,PHE,1,2.35
1953,0.0,S,SYSTEM,PHE,1,2.15
1954,6.598653569477561,S,SYSTEM,PHE,1,2.15
1955,26.394614277910243,S,SYSTEM,PHE,1,2.15
1956,29.45243112740431,B,SYSTEM,PHE,2,2.35
1957,0.0,S,SYSTEM,PHE,2,2.15
1958,13.197307138955122,S,SYSTEM,PHE,2,2.15
1959,0.0,S,SYSTEM,PHE,2,2.15
1960,44.178646691106465,B,SYSTEM,PHE,1,2.35
1961,6.598653569477561,S,SYSTEM,PHE,1,2.15
1962,6.598653569477561,S,SYSTEM,PHE,1,2.15
1963,0.0,S,SYSTEM,PHE,1,2.15
1964,44.178646691106465,B,SYSTEM,PHE,2,2.35
1965,6.598653569477561,S,SYSTEM,PHE,2,2.15
1966,0.0,S,SYSTEM,PHE,2,2.15
1967,0.0,S,SYSTEM,PHE,2,2.15
1968,73.63107781851076,B,SYSTEM,PHE,1,2.35
1969,32.9932678473878,S,SYSTEM,PHE,1,2.15
1970,26.394614277910243,S,SYSTEM,PHE,1,2.15
1971,6.598653569477561,S,SYSTEM,PHE,1,2.15
1972,58.90486225480862,B,SYSTEM,PHE,2,2.35
1973,0.0,S,SYSTEM,PHE,2,2.15
1974,13.197307138955122,S,SYSTEM,PHE,2,2.15
1975,0.0,S,SYSTEM,PHE,2,2.15
1976,51.54175447295754,B,SYSTEM,PHE,1,2.35
1977,0.0,S,SYSTEM,PHE,1,2.15
1978,0.0,S,SYSTEM,PHE,1,2.15
1979,19.795960708432684,S,SYSTEM,PHE,1,2.15
1980,58.90486225480862,B,SYSTEM,PHE,2,2.35
1981,6.598653569477561,S,SYSTEM,PHE,2,2.15
1982,0.0,S,SYSTEM,PHE,2,2.15
1983,6.598653569477561,S,SYSTEM,PHE,2,2.15
1984,7.3631077818510775,B,SYSTEM,PHE,1,2.35
1985,6.598653569477561,S,SYSTEM,PHE,1,2.15
1986,0.0,S,SYSTEM,PHE,1,2.15
1987,0.0,S,SYSTEM,PHE,1,2.15
1988,51.54175447295754,B,SYSTEM,PHE,2,2.35
1989,19.795960708432684,S,SYSTEM,PHE,2,2.15
1990,19.795960708432684,S,SYSTEM,PHE,2,2.15
1991,32.9932678473878,S,SYSTEM,PHE,2,2.15
1992,44.178646691106465,B,SYSTEM,PHE,1,2.35
1993,19.795960708432684,S,SYSTEM,PHE,1,2.15
1994,13.197307138955122,S,SYSTEM,PHE,1,2.15
1995,52.789228555820486,S,SYSTEM,PHE,1,2.15
1996,51.54175447295754,B,SYSTEM,PHE,2,2.35
1997,6.598653569477561,S,SYSTEM,PHE,2,2.15
1998,59.38788212529805,S,SYSTEM,PHE,2,2.15
1999,72.58518926425316,S,SYSTEM,PHE,2,2.15
2000,36.81553890925538,B,SYSTEM,PHE,1,2.35
2001,0.0,S,SYSTEM,PHE,1,2.15
2002,39.59192141686537,S,SYSTEM,PHE,1,2.15
2003,13.197307138955122,S,SYSTEM,PHE,1,2.15
2004,88.35729338221293,B,SYSTEM,PHE,2,2.35
2005,39.59192141686537,S,SYSTEM,PHE,2,2.15
2006,52.789228555820486,S,SYSTEM,PHE,2,2.15
2007,26.394614277910243,S,SYSTEM,PHE,2,2.15
2008,36.81553890925538,B,SYSTEM,PHE,1,2.35
2009,13.197307138955122,S,SYSTEM,PHE,1,2.15
2010,26.394614277910243,S,SYSTEM,PHE,1,2.15
2011,13.197307138955122,S,SYSTEM,PHE,1,2.15
2012,7.3631077818510775,B,SYSTEM,PHE,2,2.35
2013,0.0,S,SYSTEM,PHE,2,2.15
2014,26.394614277910243,S,SYSTEM,PHE,2,2.15
2015,32.9932678473878,S,SYSTEM,PHE,2,2.15
2016,51.54175447295754,B,SYSTEM,PHE,1,2.35
2017,13.197307138955122,S,SYSTEM,PHE,1,2.15
2018,52.789228555820486,S,SYSTEM,PHE,1,2.15
2019,19.795960708432684,S,SYSTEM,PHE,1,2.15
2020,14.726215563702155,B,SYSTEM,PHE,2,2.35
2021,6.598653569477561,S,SYSTEM,PHE,2,2.15
2022,0.0,S,SYSTEM,PHE,2,2.15
2023,0.0,S,SYSTEM,PHE,2,2.15
2024,44.178646691106465,B,SYSTEM,PHE,1,2.35
2025,0.0,S,SYSTEM,PHE,1,2.15
2026,0.0,S,SYSTEM,PHE,1,2.15
2027,6.598653569477561,S,SYSTEM,PHE,1,2.15
2028,0.0,B,SYSTEM,PHE,2,2.35
2029,0.0,S,SYSTEM,PHE,2,2.15
2030,0.0,S,SYSTEM,PHE,2,2.15
2031,0.0,S,SYSTEM,PHE,2,2.15
2032,14.726215563702155,B,SYSTEM,PHE,1,2.35
2033,0.0,S,SYSTEM,PHE,1,2.15
2034,6.598653569477561,S,SYSTEM,PHE,1,2.15
2035,0.0,S,SYSTEM,PHE,1,2.15
2036,22.089323345553233,B,SYSTEM,PHE,2,2.35
2037,6.598653569477561,S,SYSTEM,PHE,2,2.15
2038,6.598653569477561,S,SYSTEM,PHE,2,2.15
2039,0.0,S,SYSTEM,PHE,2,2.15
2040,44.178646691106465,B,SYSTEM,PHE,1,2.35
2041,19.795960708432684,S,SYSTEM,PHE,1,2.15
2042,6.598653569477561,S,SYSTEM,PHE,1,2.15
2043,39.59192141686537,S,SYSTEM,PHE,1,2.15
2044,73.63107781851076,B,SYSTEM,PHE,2,2.35
2045,13.197307138955122,S,SYSTEM,PHE,2,2.15
2046,39.59192141686537,S,SYSTEM,PHE,2,2.15
2047,26.394614277910243,S,SYSTEM,PHE,2,2.15
2048,80.99418560036185,B,SYSTEM,PHE,1,2.35
2049,6.598653569477561,S,SYSTEM,PHE,1,2.15
2050,13.197307138955122,S,SYSTEM,PHE,1,2.15
2051,19.795960708432684,S,SYSTEM,PHE,1,2.15
2052,66.2679700366597,B,SYSTEM,PHE,2,2.35
2053,6.598653569477561,S,SYSTEM,PHE,2,2.15
2054,13.197307138955122,S,SYSTEM,PHE,2,2.15
2055,0.0,S,SYSTEM,PHE,2,2.15
2056,66.2679700366597,B,SYSTEM,PHE,1,2.35
2057,13.197307138955122,S,SYSTEM,PHE,1,2.15
2058,26.394614277910243,S,SYSTEM,PHE,1,2.15
2059,26.394614277910243,S,SYSTEM,PHE,1,2.15
2060,58.90486225480862,B,SYSTEM,PHE,2,2.35
2061,6.598653569477561,S,SYSTEM,PHE,2,2.15
2062,52.789228555820486,S,SYSTEM,PHE,2,2.15
2063,0.0,S,SYSTEM,PHE,2,2.15
2064,73.63107781851076,B,SYSTEM,PHE,1,2.35
2065,26.394614277910243,S,SYSTEM,PHE,1,2.15
2066,59.38788212529805,S,SYSTEM,PHE,1,2.15
2067,32.9932678473878,S,SYSTEM,PHE,1,2.15
2068,36.81553890925538,B,SYSTEM,PHE,2,2.35
2069,0.0,S,SYSTEM,PHE,2,2.15
2070,0.0,S,SYSTEM,PHE,2,2.15
2071,13.197307138955122,S,SYSTEM,PHE,2,2.15
2072,51.54175447295754,B,SYSTEM,PHE,1,2.35
2073,6.598653569477561,S,SYSTEM,PHE,1,2.15
2074,26.394614277910243,S,SYSTEM,PHE,1,2.15
2075,0.0,S,SYSTEM,PHE,1,2.15
2076,14.726215563702155,B,SYSTEM,PHE,2,2.35
2077,0.0,S,SYSTEM,PHE,2,2.15
2078,0.0,S,SYSTEM,PHE,2,2.15
2079,0.0,S,SYSTEM,PHE,2,2.15
2080,22.089323345553233,B,SYSTEM,PHE,1,2.35
2081,0.0,S,SYSTEM,PHE,1,2.15
2082,0.0,S,SYSTEM,PHE,1,2.15
2083,0.0,S,SYSTEM,PHE,1,2.15
2084,29.45243112740431,B,SYSTEM,PHE,2,2.35
2085,0.0,S,SYSTEM,PHE,2,2.15
2086,0.0,S,SYSTEM,PHE,2,2.15
2087,0.0,S,SYSTEM,PHE,2,2.15
2088,80.99418560036185,B,SYSTEM,PHE,1,2.35
2089,13.197307138955122,S,SYSTEM,PHE,1,2.15
2090,65.9865356947756,S,SYSTEM,PHE,1,2.15
2091,39.59192141686537,S,SYSTEM,PHE,1,2.15
2092,58.90486225480862,B,SYSTEM,PHE,2,2.35
2093,32.9932678473878,S,SYSTEM,PHE,2,2.15
2094,19.795960708432684,S,SYSTEM,PHE,2,2.15
2095,46.190574986342924,S,SYSTEM,PHE,2,2.15
2096,66.2679700366597,B,SYSTEM,PHE,1,2.35
2097,6.598653569477561,S,SYSTEM,PHE,1,2.15
2098,65.9865356947756,S,SYSTEM,PHE,1,2.15
2099,59.38788212529805,S,SYSTEM,PHE,1,2.15
2100,88.35729338221293,B,SYSTEM,PHE,2,2.35
2101,13.197307138955122,S,SYSTEM,PHE,2,2.15
2102,59.38788212529805,S,SYSTEM,PHE,2,2.15
2103,6.598653569477561,S,SYSTEM,PHE,2,2.15
2104,14.726215563702155,B,SYSTEM,PHE,1,2.35
2105,0.0,S,SYSTEM,PHE,1,2.15
2106,0.0,S,SYSTEM,PHE,1,2.15
2107,6.598653569477561,S,SYSTEM,PHE,1,2.15
2108,22.089323345553233,B,SYSTEM,PHE,2,2.35
2109,0.0,S,SYSTEM,PHE,2,2.15
2110,0.0,S,SYSTEM,PHE,2,2.15
2111,0.0,S,SYSTEM,PHE,2,2.15
2112,36.81553890925538,B,SYSTEM,PHE,1,2.35
2113,0.0,S,SYSTEM,PHE,1,2.15
2114,6.598653569477561,S,SYSTEM,PHE,1,2.15
2115,13.197307138955122,S,SYSTEM,PHE,1,2.15
2116,44.178646691106465,B,SYSTEM,PHE,2,2.35
2117,0.0,S,SYSTEM,PHE,2,2.15
2118,39.59192141686537,S,SYSTEM,PHE,2,2.15
2119,19.795960708432684,S,SYSTEM,PHE,2,2.15
2120,66.2679700366597,B,SYSTEM,PHE,1,2.35
2121,6.598653569477561,S,SYSTEM,PHE,1,2.15
2122,39.59192141686537,S,SYSTEM,PHE,1,2.15
2123,65.9865356947756,S,SYSTEM,PHE,1,2.15
2124,14.726215563702155,B,SYSTEM,PHE,2,2.35
2125,0.0,S,SYSTEM,PHE,2,2.15
2126,39.59192141686537,S,SYSTEM,PHE,2,2.15
2127,19.795960708432684,S,SYSTEM,PHE,2,2.15
2128,36.81553890925538,B,SYSTEM,PHE,1,2.35
2129,0.0,S,SYSTEM,PHE,1,2.15
2130,13.197307138955122,S,SYSTEM,PHE,1,2.15
2131,13.197307138955122,S,SYSTEM,PHE,1,2.15
2132,36.81553890925538,B,SYSTEM,PHE,2,2.35
2133,0.0,S,SYSTEM,PHE,2,2.15
2134,26.394614277910243,S,SYSTEM,PHE,2,2.15
2135,32.9932678473878,S,SYSTEM,PHE,2,2.15
2136,66.2679700366597,B,SYSTEM,PHE,1,2.35
2137,6.598653569477561,S,SYSTEM,PHE,1,2.15
2138,19.795960708432684,S,SYSTEM,PHE,1,2.15
2139,46.190574986342924,S,SYSTEM,PHE,1,2.15
2140,44.178646691106465,B,SYSTEM,PHE,2,2.35
2141,0.0,S,SYSTEM,PHE,2,2.15
2142,13.197307138955122,S,SYSTEM,PHE,2,2.15
2143,6.598653569477561,S,SYSTEM,PHE,2,2.15
2144,73.63107781851076,B,SYSTEM,PHE,1,2.35
2145,13.197307138955122,S,SYSTEM,PHE,1,2.15
2146,26.394614277910243,S,SYSTEM,PHE,1,2.15
2147,52.789228555820486,S,SYSTEM,PHE,1,2.15
2148,58.90486225480862,B,SYSTEM,PHE,2,2.35
2149,19.795960708432684,S,SYSTEM,PHE,2,2.15
2150,65.9865356947756,S,SYSTEM,PHE,2,2.15
2151,72.58518926425316,S,SYSTEM,PHE,2,2.15
2152,66.2679700366597,B,SYSTEM,PHE,1,2.35
2153,32.9932678473878,S,SYSTEM,PHE,1,2.15
2154,39.59192141686537,S,SYSTEM,PHE,1,2.15
2155,46.190574986342924,S,SYSTEM,PHE,1,2.15
2156,80.99418560036185,B,SYSTEM,PHE,2,2.35
2157,46.190574986342924,S,SYSTEM,PHE,2,2.15
2158,26.394614277910243,S,SYSTEM,PHE,2,2.15
2159,59.38788212529805,S,SYSTEM,PHE,2,2.15
2160,22.089323345553233,B,SYSTEM,PHE,1,2.35
2161,0.0,S,SYSTEM,PHE,1,2.15
2162,32.9932678473878,S,SYSTEM,PHE,1,2.15
2163,6.598653569477561,S,SYSTEM,PHE,1,2.15
2164,36.81553890925538,B,SYSTEM,PHE,2,2.35
2165,6.598653569477561,S,SYSTEM,PHE,2,2.15
2166,26.394614277910243,S,SYSTEM,PHE,2,2.15
2167,59.38788212529805,S,SYSTEM,PHE,2,2.15
2168,44.178646691106465,B,SYSTEM,PHE,1,2.35
2169,19.795960708432684,S,SYSTEM,PHE,1,2.15
2170,13.197307138955122,S,SYSTEM,PHE,1,2.15
2171,13.197307138955122,S,SYSTEM,PHE,1,2.15
2172,66.2679700366597,B,SYSTEM,PHE,2,2.35
2173,6.598653569477561,S,SYSTEM,PHE,2,2.15
2174,92.38114997268585,S,SYSTEM,PHE,2,2.15
2175,59.38788212529805,S,SYSTEM,PHE,2,2.15
2176,36.81553890925538,B,SYSTEM,PHE,1,2.35
2177,0.0,S,SYSTEM,PHE,1,2.15
2178,0.0,S,SYSTEM,PHE,1,2.15
2179,0.0,S,SYSTEM,PHE,1,2.15
2180,36.81553890925538,B,SYSTEM,PHE,2,2.35
2181,0.0,S,SYSTEM,PHE,2,2.15
2182,0.0,S,SYSTEM,PHE,2,2.15
2183,0.0,S,SYSTEM,PHE,2,2.15
2184,29.45243112740431,B,SYSTEM,PHE,1,2.35
2185,0.0,S,SYSTEM,PHE,1,2.15
2186,19.795960708432684,S,SYSTEM,PHE,1,2.15
2187,46.190574986342924,S,SYSTEM,PHE,1,2.15
2188,36.81553890925538,B,SYSTEM,PHE,2,2.35
2189,13.197307138955122,S,SYSTEM,PHE,2,2.15
2190,46.190574986342924,S,SYSTEM,PHE,2,2.15
2191,39.59192141686537,S,SYSTEM,PHE,2,2.15
2192,80.99418560036185,B,SYSTEM,PHE,1,2.35
2193,19.795960708432684,S,SYSTEM,PHE,1,2.15
2194,13.197307138955122,S,SYSTEM,PHE,1,2.15
2195,0.0,S,SYSTEM,PHE,1,2.15
2196,73.63107781851076,B,SYSTEM,PHE,2,2.35
2197,6.598653569477561,S,SYSTEM,PHE,2,2.15
2198,46.190574986342924,S,SYSTEM,PHE,2,2.15
2199,6.598653569477561,S,SYSTEM,PHE,2,2.15
2200,88.35729338221293,B,SYSTEM,PHE,1,2.35
2201,19.795960708432684,S,SYSTEM,PHE,1,2.15
2202,19.795960708432684,S,SYSTEM,PHE,1,2.15
2203,19.795960708432684,S,SYSTEM,PHE,1,2.15
2204,58.90486225480862,B,SYSTEM,PHE,2,2.35
2205,26.394614277910243,S,SYSTEM,PHE,2,2.15
2206,72.58518926425316,S,SYSTEM,PHE,2,2.15
2207,0.0,S,SYSTEM,PHE,2,2.15
2208,29.45243112740431,B,SYSTEM,PHE,1,2.35
2209,0.0,S,SYSTEM,PHE,1,2.15
2210,13.197307138955122,S,SYSTEM,PHE,1,2.15
2211,0.0,S,SYSTEM,PHE,1,2.15
2212,66.2679700366597,B,SYSTEM,PHE,2,2.35
2213,13.197307138955122,S,SYSTEM,PHE,2,2.15
2214,26.394614277910243,S,SYSTEM,PHE,2,2.15
2215,52.789228555820486,S,SYSTEM,PHE,2,2.15
2216,44.178646691106465,B,SYSTEM,PHE,1,2.35
2217,19.795960708432684,S,SYSTEM,PHE,1,2.15
2218,0.0,S,SYSTEM,PHE,1,2.15
2219,26.394614277910243,S,SYSTEM,PHE,1,2.15
2220,51.54175447295754,B,SYSTEM,PHE,2,2.35
2221,0.0,S,SYSTEM,PHE,2,2.15
2222,0.0,S,SYSTEM,PHE,2,2.15
2223,0.0,S,SYSTEM,PHE,2,2.15
2224,66.2679700366597,B,SYSTEM,PHE,1,2.35
2225,0.0,S,SYSTEM,PHE,1,2.15
2226,6.598653569477561,S,SYSTEM,PHE,1,2.15
2227,0.0,S,SYSTEM,PHE,1,2.15
2228,66.2679700366597,B,SYSTEM,PHE,2,2.35
2229,0.0,S,SYSTEM,PHE,2,2.15
2230,6.598653569477561,S,SYSTEM,PHE,2,2.15
2231,32.9932678473878,S,SYSTEM,PHE,2,2.15
2232,66.2679700366597,B,SYSTEM,PHE,1,2.35
2233,26.394614277910243,S,SYSTEM,PHE,1,2.15
2234,0.0,S,SYSTEM,PHE,1,2.15
2235,13.197307138955122,S,SYSTEM,PHE,1,2.15
2236,58.90486225480862,B,SYSTEM,PHE,2,2.35
2237,13.197307138955122,S,SYSTEM,PHE,2,2.15
2238,0.0,S,SYSTEM,PHE,2,2.15
2239,6.598653569477561,S,SYSTEM,PHE,2,2.15
2240,51.54175447295754,B,SYSTEM,PHE,1,2.35
2241,13.197307138955122,S,SYSTEM,PHE,1,2.15
2242,92.38114997268585,S,SYSTEM,PHE,1,2.15
2243,19.795960708432684,S,SYSTEM,PHE,1,2.15
2244,58.90486225480862,B,SYSTEM,PHE,2,2.35
2245,6.598653569477561,S,SYSTEM,PHE,2,2.15
2246,13.197307138955122,S,SYSTEM,PHE,2,2.15
2247,32.9932678473878,S,SYSTEM,PHE,2,2.15
2248,44.178646691106465,B,SYSTEM,PHE,1,2.35
2249,6.598653569477561,S,SYSTEM,PHE,1,2.15
2250,26.394614277910243,S,SYSTEM,PHE,1,2.15
2251,52.789228555820486,S,SYSTEM,PHE,1,2.15
2252,29.45243112740431,B,SYSTEM,PHE,2,2.35
2253,13.197307138955122,S,SYSTEM,PHE,2,2.15
2254,32.9932678473878,S,SYSTEM,PHE,2,2.15
2255,65.9865356947756,S,SYSTEM,PHE,2,2.15
2256,29.45243112740431,B,SYSTEM,PHE,1,2.35
2257,0.0,S,SYSTEM,PHE,1,2.15
2258,32.9932678473878,S,SYSTEM,PHE,1,2.15
2259,13.197307138955122,S,SYSTEM,PHE,1,2.15
2260,29.45243112740431,B,SYSTEM,PHE,2,2.35
2261,0.0,S,SYSTEM,PHE,2,2.15
2262,19.795960708432684,S,SYSTEM,PHE,2,2.15
2263,32.9932678473878,S,SYSTEM,PHE,2,2.15
2264,22.089323345553233,B,SYSTEM,PHE,1,2.35
2265,0.0,S,SYSTEM,PHE,1,2.15
2266,0.0,S,SYSTEM,PHE,1,2.15
2267,0.0,S,SYSTEM,PHE,1,2.15
2268,14.726215563702155,B,SYSTEM,PHE,2,2.35
2269,0.0,S,SYSTEM,PHE,2,2.15
2270,19.795960708432684,S,SYSTEM,PHE,2,2.15
2271,19.795960708432684,S,SYSTEM,PHE,2,2.15
2272,66.2679700366597,B,SYSTEM,PHE,1,2.35
2273,19.795960708432684,S,SYSTEM,PHE,1,2.15
2274,6.598653569477561,S,SYSTEM,PHE,1,2.15
2275,52.789228555820486,S,SYSTEM,PHE,1,2.15
2276,44.178646691106465,B,SYSTEM,PHE,2,2.35
2277,0.0,S,SYSTEM,PHE,2,2.15
2278,26.394614277910243,S,SYSTEM,PHE,2,2.15
2279,19.795960708432684,S,SYSTEM,PHE,2,2.15
2280,58.90486225480862,B,SYSTEM,PHE,1,2.35
2281,19.795960708432684,S,SYSTEM,PHE,1,2.15
2282,13.197307138955122,S,SYSTEM,PHE,1,2.15
2283,6.598653569477561,S,SYSTEM,PHE,1,2.15
2284,14.726215563702155,B,SYSTEM,PHE,2,2.35
2285,13.197307138955122,S,SYSTEM,PHE,2,2.15
2286,19.795960708432684,S,SYSTEM,PHE,2,2.15
2287,6.598653569477561,S,SYSTEM,PHE,2,2.15
2288,95.720401164064,B,SYSTEM,PHE,1,2.35
2289,19.795960708432684,S,SYSTEM,PHE,1,2.15
2290,39.59192141686537,S,SYSTEM,PHE,1,2.15
2291,19.795960708432684,S,SYSTEM,PHE,1,2.15
2292,44.178646691106465,B,SYSTEM,PHE,2,2.35
2293,0.0,S,SYSTEM,PHE,2,2.15
2294,6.598653569477561,S,SYSTEM,PHE,2,2.15
2295,39.59192141686537,S,SYSTEM,PHE,2,2.15
2296,14.726215563702155,B,SYSTEM,PHE,1,2.35
2297,0.0,S,SYSTEM,PHE,1,2.15
2298,0.0,S,SYSTEM,PHE,1,2.15
2299,0.0,S,SYSTEM,PHE,1,2.15
2300,51.54175447295754,B,SYSTEM,PHE,2,2.35
2301,13.197307138955122,S,SYSTEM,PHE,2,2.15
2302,0.0,S,SYSTEM,PHE,2,2.15
2303,0.0,S,SYSTEM,PHE,2,2.15
2304,66.2679700366597,B,SYSTEM,PHE,1,2.35
2305,6.598653569477561,S,SYSTEM,PHE,1,2.15
2306,19.795960708432684,S,SYSTEM,PHE,1,2.15
2307,0.0,S,SYSTEM,PHE,1,2.15
2308,51.54175447295754,B,SYSTEM,PHE,2,2.35
2309,6.598653569477561,S,SYSTEM,PHE,2,2.15
2310,26.394614277910243,S,SYSTEM,PHE,2,2.15
2311,0.0,S,SYSTEM,PHE,2,2.15
2312,36.81553890925538,B,SYSTEM,PHE,1,2.35
2313,0.0,S,SYSTEM,PHE,1,2.15
2314,46.190574986342924,S,SYSTEM,PHE,1,2.15
2315,59.38788212529805,S,SYSTEM,PHE,1,2.15
2316,44.178646691106465,B,SYSTEM,PHE,2,2.35
2317,0.0,S,SYSTEM,PHE,2,2.15
2318,46.190574986342924,S,SYSTEM,PHE,2,2.15
2319,13.197307138955122,S,SYSTEM,PHE,2,2.15
2320,29.45243112740431,B,SYSTEM,PHE,1,2.35
2321,0.0,S,SYSTEM,PHE,1,2.15
2322,32.9932678473878,S,SYSTEM,PHE,1,2.15
2323,13.197307138955122,S,SYSTEM,PHE,1,2.15
2324,51.54175447295754,B,SYSTEM,PHE,2,2.35
2325,6.598653569477561,S,SYSTEM,PHE,2,2.15
2326,26.394614277910243,S,SYSTEM,PHE,2,2.15
2327,72.58518926425316,S,SYSTEM,PHE,2,2.15
2328,14.726215563702155,B,SYSTEM,PHE,1,2.35
2329,6.598653569477561,S,SYSTEM,PHE,1,2.15
2330,6.598653569477561,S,SYSTEM,PHE,1,2.15
2331,26.394614277910243,S,SYSTEM,PHE,1,2.15
2332,22.089323345553233,B,SYSTEM,PHE,2,2.35
2333,6.598653569477561,S,SYSTEM,PHE,2,2.15
2334,0.0,S,SYSTEM,PHE,2,2.15
2335,0.0,S,SYSTEM,PHE,2,2.15
2336,51.54175447295754,B,SYSTEM,PHE,1,2.35
2337,6.598653569477561,S,SYSTEM,PHE,1,2.15
2338,13.197307138955122,S,SYSTEM,PHE,1,2.15
2339,0.0,S,SYSTEM,PHE,1,2.15
2340,51.54175447295754,B,SYSTEM,PHE,2,2.35
2341,13.197307138955122,S,SYSTEM,PHE,2,2.15
2342,0.0,S,SYSTEM,PHE,2,2.15
2343,13.197307138955122,S,SYSTEM,PHE,2,2.15
2344,51.54175447295754,B,SYSTEM,PHE,1,2.35
2345,26.394614277910243,S,SYSTEM,PHE,1,2.15
2346,6.598653569477561,S,SYSTEM,PHE,1,2.15
2347,0.0,S,SYSTEM,PHE,1,2.15
2348,36.81553890925538,B,SYSTEM,PHE,2,2.35
2349,0.0,S,SYSTEM,PHE,2,2.15
2350,0.0,S,SYSTEM,PHE,2,2.15
2351,0.0,S,SYSTEM,PHE,2,2.15
2352,73.63107781851076,B,SYSTEM,PHE,1,2.35
2353,13.197307138955122,S,SYSTEM,PHE,1,2.15
2354,0.0,S,SYSTEM,PHE,1,2.15
2355,0.0,S,SYSTEM,PHE,1,2.15
2356,51.54175447295754,B,SYSTEM,PHE,2,2.35
2357,6.598653569477561,S,SYSTEM,PHE,2,2.15
2358,6.598653569477561,S,SYSTEM,PHE,2,2.15
2359,59.38788212529805,S,SYSTEM,PHE,2,2.15
2360,66.2679700366597,B,SYSTEM,PHE,1,2.35
2361,13.197307138955122,S,SYSTEM,PHE,1,2.15
2362,0.0,S,SYSTEM,PHE,1,2.15
2363,0.0,S,SYSTEM,PHE,1,2.15
2364,58.90486225480862,B,SYSTEM,PHE,2,2.35
2365,13.197307138955122,S,SYSTEM,PHE,2,2.15
2366,0.0,S,SYSTEM,PHE,2,2.15
2367,0.0,S,SYSTEM,PHE,2,2.15
2368,66.2679700366597,B,SYSTEM,PHE,1,2.35
2369,19.795960708432684,S,SYSTEM,PHE,1,2.15
2370,19.795960708432684,S,SYSTEM,PHE,1,2.15
2371,13.197307138955122,S,SYSTEM,PHE,1,2.15
2372,73.63107781851076,B,SYSTEM,PHE,2,2.35
2373,19.795960708432684,S,SYSTEM,PHE,2,2.15
2374,79.18384283373074,S,SYSTEM,PHE,2,2.15
2375,0.0,S,SYSTEM,PHE,2,2.15
2376,22.089323345553233,B,SYSTEM,PHE,1,2.35
2377,0.0,S,SYSTEM,PHE,1,2.15
2378,0.0,S,SYSTEM,PHE,1,2.15
2379,6.598653569477561,S,SYSTEM,PHE,1,2.15
2380,7.3631077818510775,B,SYSTEM,PHE,2,2.35
2381,0.0,S,SYSTEM,PHE,2,2.15
2382,0.0,S,SYSTEM,PHE,2,2.15
2383,0.0,S,SYSTEM,PHE,2,2.15
2384,73.63107781851076,B,SYSTEM,PHE,1,2.35
2385,0.0,S,SYSTEM,PHE,1,2.15
2386,19.795960708432684,S,SYSTEM,PHE,1,2.15
2387,0.0,S,SYSTEM,PHE,1,2.15
2388,44.178646691106465,B,SYSTEM,PHE,2,2.35
2389,0.0,S,SYSTEM,PHE,2,2.15
2390,13.197307138955122,S,SYSTEM,PHE,2,2.15
2391,13.197307138955122,S,SYSTEM,PHE,2,2.15
2392,22.089323345553233,B,SYSTEM,PHE,1,2.35
2393,0.0,S,SYSTEM,PHE,1,2.15
2394,26.394614277910243,S,SYSTEM,PHE,1,2.15
2395,26.394614277910243,S,SYSTEM,PHE,1,2.15
2396,44.178646691106465,B,SYSTEM,PHE,2,2.35
2397,6.598653569477561,S,SYSTEM,PHE,2,2.15
2398,32.9932678473878,S,SYSTEM,PHE,2,2.15
2399,26.394614277910243,S,SYSTEM,PHE,2,2.15
